=====================================================================
 upstream rebuild — raw GWAS + eQTL weights -> Z layer
 repo         : /tmp/repoaudit/eqtl-source-discordance
 externals    : E:/workbuddy/_ext_stage_20261004
 output       : E:/workbuddy/_upstream_20261004/run
 MetaXcan     : E:/workbuddy/_upstream_20261004/MetaXcan-0.8.1/software
 python       : E:/workbuddy/_py312_psa/python/python.exe
 started      : Sun Oct  4 12:36:42     2026
=====================================================================

== 0. Preflight ==
manifest : <user-home>\AppData\Local\Temp\repoaudit\eqtl-source-discordance\data\external\SHA256SUMS (15 entries)
directory: E:/workbuddy/_ext_stage_20261004
------------------------------------------------------------------------------
  [ ok ] mashr_Whole_Blood.db                                       4.4 MB
  [ ok ] mashr_Nerve_Tibial.db                                      5.6 MB
  [ ok ] gtex_v8_mashr_snp_covariance.txt.gz                        33.2 MB
  [ ok ] 2019-12-11-cis-eQTLsFDR0.05-ProbeLevel-CohortInfoRemoved-B 307.8 MB
  [ ok ] finngen_R13_DM_RETINOPATHY_EXMORE.gz                       762.1 MB
  [ ok ] finngen_R13_DM_NEPHROPATHY.gz                              764.2 MB
  [ ok ] finngen_R13_DM_NEUROPATHY.gz                               763.9 MB
  [ ok ] finngen_R13_manifest.tsv                                   801.6 KB
  [ ok ] GCST90043640.h.tsv.gz                                      503.7 MB
  [ ok ] GCST90043640_buildGRCh37.tsv.gz                            424.7 MB
  [ ok ] PGC3_SCZ_wave3.european.autosome.public.v3.vcf.tsv.gz      228.6 MB
  [ ok ] g1000_eur.zip                                              487.9 MB
  [ ok ] meta_egfr_dmstrat_stage1plus2.txt.gz                       170.1 MB
  [ ok ] RNApull_down_MS_results.zip                                20.5 MB
  [ ok ] MetaXcan-v0.8.1.tar.gz                                     6.2 MB
------------------------------------------------------------------------------
ok 15   mismatched 0   incomplete 0   missing 0   (of 15)
  [ ok ] toolchain present (MetaXcan 0.8.1 + numpy 1.x)

== 1. FinnGen R13 -> harmonised GWAS input ==
      finngen_R13_DM_RETINOPATHY_EXMORE.gz -> 37192 rows
  [ ok ] harmonised DR
      finngen_R13_DM_NEPHROPATHY.gz -> 37192 rows
  [ ok ] harmonised DN
      finngen_R13_DM_NEUROPATHY.gz -> 37192 rows
  [ ok ] harmonised DPN

== 2. GTEx arm — build the gene-level covariance from g1000_eur ==
genes 12623, distinct model SNPs 22,251
bim rows 22,665,064, matched 17,926 (80.6%)  (10.4 s)
dosages ready: 17,926 SNPs x 503 samples  (12.1 s)
wrote 11382 genes / 27,985 rows  (1.2 s)
file: E:/workbuddy/_upstream_20261004/run/cov/cov_Whole_Blood.txt.gz  (476,502 B)
  [ ok ] covariance Whole_Blood
genes 15373, distinct model SNPs 28,978
bim rows 22,665,064, matched 23,505 (81.1%)  (9.7 s)
dosages ready: 23,505 SNPs x 503 samples  (11.5 s)
wrote 14007 genes / 38,519 rows  (1.6 s)
file: E:/workbuddy/_upstream_20261004/run/cov/cov_Nerve_Tibial.txt.gz  (646,597 B)
  [ ok ] covariance Nerve_Tibial

== 3. GTEx arm — S-PrediXcan (official MetaXcan v0.8.1) ==
E:\workbuddy\_upstream_20261004\MetaXcan-0.8.1\software\metax\gwas\GWAS.py:102: SyntaxWarning: invalid escape sequence '\s'
  separator = '\s+'
E:\workbuddy\_upstream_20261004\MetaXcan-0.8.1\software\metax\gwas\GWASSpecialHandling.py:41: SyntaxWarning: invalid escape sequence '\s'
  split_r = re.compile(separator) if separator is not None else re.compile("\s")
E:\workbuddy\_upstream_20261004\MetaXcan-0.8.1\software\metax\gwas\GWASSpecialHandling.py:76: SyntaxWarning: invalid escape sequence '\+'
  non_en_number = re.compile("^[-\+]?[0-9]*,{1}[0-9]+([eE]{1}[-\+]?[0-9]+)?$")
E:\workbuddy\_upstream_20261004\MetaXcan-0.8.1\software\metax\MatrixManager.py:31: SyntaxWarning: invalid escape sequence '\s'
  d = pandas.read_table(path, sep="\s+")
WARNING - [91mMissing --gwas_h2 and --gwas_N are required to calibrate the pvalue and zscore.[0m
INFO - Processing GWAS command line parameters
INFO - Building beta for E:/workbuddy/_upstream_20261004/run/gwas/gwas_DR.tsv and E:/workbuddy/_ext_stage_20261004/mashr_Whole_Blood.db
INFO - Reading input gwas with special handling: E:/workbuddy/_upstream_20261004/run/gwas/gwas_DR.tsv
INFO - Processing input gwas
INFO - Calculating zscore from se and beta
INFO - Aligning GWAS to models
INFO - Trimming output
INFO - Successfully parsed input gwas in 0.2761430999998993 seconds
INFO - Started metaxcan process
INFO - Loading model from: E:/workbuddy/_ext_stage_20261004/mashr_Whole_Blood.db
INFO - Loading covariance data from: E:/workbuddy/_upstream_20261004/run/cov/cov_Whole_Blood.txt.gz
INFO - Processing loaded gwas
INFO - Started metaxcan association
INFO - 10 % of model's snps found so far in the gwas study
INFO - 20 % of model's snps found so far in the gwas study
INFO - 30 % of model's snps found so far in the gwas study
INFO - 40 % of model's snps found so far in the gwas study
INFO - 50 % of model's snps found so far in the gwas study
INFO - 60 % of model's snps found so far in the gwas study
INFO - 70 % of model's snps found so far in the gwas study
INFO - 78 % of model's snps used
WARNING - [91mIMPORTANT: The pvalue and zscore are uncalibrated for inflation[0m
INFO - Sucessfully processed metaxcan association in 4.73041220000232 seconds
  [ ok ] S-PrediXcan Whole_Blood x DR
E:\workbuddy\_upstream_20261004\MetaXcan-0.8.1\software\metax\gwas\GWAS.py:102: SyntaxWarning: invalid escape sequence '\s'
  separator = '\s+'
E:\workbuddy\_upstream_20261004\MetaXcan-0.8.1\software\metax\gwas\GWASSpecialHandling.py:41: SyntaxWarning: invalid escape sequence '\s'
  split_r = re.compile(separator) if separator is not None else re.compile("\s")
E:\workbuddy\_upstream_20261004\MetaXcan-0.8.1\software\metax\gwas\GWASSpecialHandling.py:76: SyntaxWarning: invalid escape sequence '\+'
  non_en_number = re.compile("^[-\+]?[0-9]*,{1}[0-9]+([eE]{1}[-\+]?[0-9]+)?$")
E:\workbuddy\_upstream_20261004\MetaXcan-0.8.1\software\metax\MatrixManager.py:31: SyntaxWarning: invalid escape sequence '\s'
  d = pandas.read_table(path, sep="\s+")
WARNING - [91mMissing --gwas_h2 and --gwas_N are required to calibrate the pvalue and zscore.[0m
INFO - Processing GWAS command line parameters
INFO - Building beta for E:/workbuddy/_upstream_20261004/run/gwas/gwas_DN.tsv and E:/workbuddy/_ext_stage_20261004/mashr_Whole_Blood.db
INFO - Reading input gwas with special handling: E:/workbuddy/_upstream_20261004/run/gwas/gwas_DN.tsv
INFO - Processing input gwas
INFO - Calculating zscore from se and beta
INFO - Aligning GWAS to models
INFO - Trimming output
INFO - Successfully parsed input gwas in 0.2182371000017156 seconds
INFO - Started metaxcan process
INFO - Loading model from: E:/workbuddy/_ext_stage_20261004/mashr_Whole_Blood.db
INFO - Loading covariance data from: E:/workbuddy/_upstream_20261004/run/cov/cov_Whole_Blood.txt.gz
INFO - Processing loaded gwas
INFO - Started metaxcan association
INFO - 10 % of model's snps found so far in the gwas study
INFO - 20 % of model's snps found so far in the gwas study
INFO - 30 % of model's snps found so far in the gwas study
INFO - 40 % of model's snps found so far in the gwas study
INFO - 50 % of model's snps found so far in the gwas study
INFO - 60 % of model's snps found so far in the gwas study
INFO - 70 % of model's snps found so far in the gwas study
INFO - 78 % of model's snps used
WARNING - [91mIMPORTANT: The pvalue and zscore are uncalibrated for inflation[0m
INFO - Sucessfully processed metaxcan association in 4.5831362000026274 seconds
  [ ok ] S-PrediXcan Whole_Blood x DN
E:\workbuddy\_upstream_20261004\MetaXcan-0.8.1\software\metax\gwas\GWAS.py:102: SyntaxWarning: invalid escape sequence '\s'
  separator = '\s+'
E:\workbuddy\_upstream_20261004\MetaXcan-0.8.1\software\metax\gwas\GWASSpecialHandling.py:41: SyntaxWarning: invalid escape sequence '\s'
  split_r = re.compile(separator) if separator is not None else re.compile("\s")
E:\workbuddy\_upstream_20261004\MetaXcan-0.8.1\software\metax\gwas\GWASSpecialHandling.py:76: SyntaxWarning: invalid escape sequence '\+'
  non_en_number = re.compile("^[-\+]?[0-9]*,{1}[0-9]+([eE]{1}[-\+]?[0-9]+)?$")
E:\workbuddy\_upstream_20261004\MetaXcan-0.8.1\software\metax\MatrixManager.py:31: SyntaxWarning: invalid escape sequence '\s'
  d = pandas.read_table(path, sep="\s+")
WARNING - [91mMissing --gwas_h2 and --gwas_N are required to calibrate the pvalue and zscore.[0m
INFO - Processing GWAS command line parameters
INFO - Building beta for E:/workbuddy/_upstream_20261004/run/gwas/gwas_DPN.tsv and E:/workbuddy/_ext_stage_20261004/mashr_Whole_Blood.db
INFO - Reading input gwas with special handling: E:/workbuddy/_upstream_20261004/run/gwas/gwas_DPN.tsv
INFO - Processing input gwas
INFO - Calculating zscore from se and beta
INFO - Aligning GWAS to models
INFO - Trimming output
INFO - Successfully parsed input gwas in 0.22660149999865098 seconds
INFO - Started metaxcan process
INFO - Loading model from: E:/workbuddy/_ext_stage_20261004/mashr_Whole_Blood.db
INFO - Loading covariance data from: E:/workbuddy/_upstream_20261004/run/cov/cov_Whole_Blood.txt.gz
INFO - Processing loaded gwas
INFO - Started metaxcan association
INFO - 10 % of model's snps found so far in the gwas study
INFO - 20 % of model's snps found so far in the gwas study
INFO - 30 % of model's snps found so far in the gwas study
INFO - 40 % of model's snps found so far in the gwas study
INFO - 50 % of model's snps found so far in the gwas study
INFO - 60 % of model's snps found so far in the gwas study
INFO - 70 % of model's snps found so far in the gwas study
INFO - 78 % of model's snps used
WARNING - [91mIMPORTANT: The pvalue and zscore are uncalibrated for inflation[0m
INFO - Sucessfully processed metaxcan association in 4.4937482999994245 seconds
  [ ok ] S-PrediXcan Whole_Blood x DPN
E:\workbuddy\_upstream_20261004\MetaXcan-0.8.1\software\metax\gwas\GWAS.py:102: SyntaxWarning: invalid escape sequence '\s'
  separator = '\s+'
E:\workbuddy\_upstream_20261004\MetaXcan-0.8.1\software\metax\gwas\GWASSpecialHandling.py:41: SyntaxWarning: invalid escape sequence '\s'
  split_r = re.compile(separator) if separator is not None else re.compile("\s")
E:\workbuddy\_upstream_20261004\MetaXcan-0.8.1\software\metax\gwas\GWASSpecialHandling.py:76: SyntaxWarning: invalid escape sequence '\+'
  non_en_number = re.compile("^[-\+]?[0-9]*,{1}[0-9]+([eE]{1}[-\+]?[0-9]+)?$")
E:\workbuddy\_upstream_20261004\MetaXcan-0.8.1\software\metax\MatrixManager.py:31: SyntaxWarning: invalid escape sequence '\s'
  d = pandas.read_table(path, sep="\s+")
WARNING - [91mMissing --gwas_h2 and --gwas_N are required to calibrate the pvalue and zscore.[0m
INFO - Processing GWAS command line parameters
INFO - Building beta for E:/workbuddy/_upstream_20261004/run/gwas/gwas_DR.tsv and E:/workbuddy/_ext_stage_20261004/mashr_Nerve_Tibial.db
INFO - Reading input gwas with special handling: E:/workbuddy/_upstream_20261004/run/gwas/gwas_DR.tsv
INFO - Processing input gwas
INFO - Calculating zscore from se and beta
INFO - Aligning GWAS to models
INFO - Trimming output
INFO - Successfully parsed input gwas in 0.35911359999954584 seconds
INFO - Started metaxcan process
INFO - Loading model from: E:/workbuddy/_ext_stage_20261004/mashr_Nerve_Tibial.db
INFO - Loading covariance data from: E:/workbuddy/_upstream_20261004/run/cov/cov_Nerve_Tibial.txt.gz
INFO - Processing loaded gwas
INFO - Started metaxcan association
INFO - 10 % of model's snps found so far in the gwas study
INFO - 20 % of model's snps found so far in the gwas study
INFO - 30 % of model's snps found so far in the gwas study
INFO - 40 % of model's snps found so far in the gwas study
INFO - 50 % of model's snps found so far in the gwas study
INFO - 60 % of model's snps found so far in the gwas study
INFO - 70 % of model's snps found so far in the gwas study
INFO - 78 % of model's snps used
WARNING - [91mIMPORTANT: The pvalue and zscore are uncalibrated for inflation[0m
INFO - Sucessfully processed metaxcan association in 6.3033700000014505 seconds
  [ ok ] S-PrediXcan Nerve_Tibial x DR
E:\workbuddy\_upstream_20261004\MetaXcan-0.8.1\software\metax\gwas\GWAS.py:102: SyntaxWarning: invalid escape sequence '\s'
  separator = '\s+'
E:\workbuddy\_upstream_20261004\MetaXcan-0.8.1\software\metax\gwas\GWASSpecialHandling.py:41: SyntaxWarning: invalid escape sequence '\s'
  split_r = re.compile(separator) if separator is not None else re.compile("\s")
E:\workbuddy\_upstream_20261004\MetaXcan-0.8.1\software\metax\gwas\GWASSpecialHandling.py:76: SyntaxWarning: invalid escape sequence '\+'
  non_en_number = re.compile("^[-\+]?[0-9]*,{1}[0-9]+([eE]{1}[-\+]?[0-9]+)?$")
E:\workbuddy\_upstream_20261004\MetaXcan-0.8.1\software\metax\MatrixManager.py:31: SyntaxWarning: invalid escape sequence '\s'
  d = pandas.read_table(path, sep="\s+")
WARNING - [91mMissing --gwas_h2 and --gwas_N are required to calibrate the pvalue and zscore.[0m
INFO - Processing GWAS command line parameters
INFO - Building beta for E:/workbuddy/_upstream_20261004/run/gwas/gwas_DN.tsv and E:/workbuddy/_ext_stage_20261004/mashr_Nerve_Tibial.db
INFO - Reading input gwas with special handling: E:/workbuddy/_upstream_20261004/run/gwas/gwas_DN.tsv
INFO - Processing input gwas
INFO - Calculating zscore from se and beta
INFO - Aligning GWAS to models
INFO - Trimming output
INFO - Successfully parsed input gwas in 0.300404300000082 seconds
INFO - Started metaxcan process
INFO - Loading model from: E:/workbuddy/_ext_stage_20261004/mashr_Nerve_Tibial.db
INFO - Loading covariance data from: E:/workbuddy/_upstream_20261004/run/cov/cov_Nerve_Tibial.txt.gz
INFO - Processing loaded gwas
INFO - Started metaxcan association
INFO - 10 % of model's snps found so far in the gwas study
INFO - 20 % of model's snps found so far in the gwas study
INFO - 30 % of model's snps found so far in the gwas study
INFO - 40 % of model's snps found so far in the gwas study
INFO - 50 % of model's snps found so far in the gwas study
INFO - 60 % of model's snps found so far in the gwas study
INFO - 70 % of model's snps found so far in the gwas study
INFO - 78 % of model's snps used
WARNING - [91mIMPORTANT: The pvalue and zscore are uncalibrated for inflation[0m
INFO - Sucessfully processed metaxcan association in 6.412649699999747 seconds
  [ ok ] S-PrediXcan Nerve_Tibial x DN
E:\workbuddy\_upstream_20261004\MetaXcan-0.8.1\software\metax\gwas\GWAS.py:102: SyntaxWarning: invalid escape sequence '\s'
  separator = '\s+'
E:\workbuddy\_upstream_20261004\MetaXcan-0.8.1\software\metax\gwas\GWASSpecialHandling.py:41: SyntaxWarning: invalid escape sequence '\s'
  split_r = re.compile(separator) if separator is not None else re.compile("\s")
E:\workbuddy\_upstream_20261004\MetaXcan-0.8.1\software\metax\gwas\GWASSpecialHandling.py:76: SyntaxWarning: invalid escape sequence '\+'
  non_en_number = re.compile("^[-\+]?[0-9]*,{1}[0-9]+([eE]{1}[-\+]?[0-9]+)?$")
E:\workbuddy\_upstream_20261004\MetaXcan-0.8.1\software\metax\MatrixManager.py:31: SyntaxWarning: invalid escape sequence '\s'
  d = pandas.read_table(path, sep="\s+")
WARNING - [91mMissing --gwas_h2 and --gwas_N are required to calibrate the pvalue and zscore.[0m
INFO - Processing GWAS command line parameters
INFO - Building beta for E:/workbuddy/_upstream_20261004/run/gwas/gwas_DPN.tsv and E:/workbuddy/_ext_stage_20261004/mashr_Nerve_Tibial.db
INFO - Reading input gwas with special handling: E:/workbuddy/_upstream_20261004/run/gwas/gwas_DPN.tsv
INFO - Processing input gwas
INFO - Calculating zscore from se and beta
INFO - Aligning GWAS to models
INFO - Trimming output
INFO - Successfully parsed input gwas in 0.2816116000030888 seconds
INFO - Started metaxcan process
INFO - Loading model from: E:/workbuddy/_ext_stage_20261004/mashr_Nerve_Tibial.db
INFO - Loading covariance data from: E:/workbuddy/_upstream_20261004/run/cov/cov_Nerve_Tibial.txt.gz
INFO - Processing loaded gwas
INFO - Started metaxcan association
INFO - 10 % of model's snps found so far in the gwas study
INFO - 20 % of model's snps found so far in the gwas study
INFO - 30 % of model's snps found so far in the gwas study
INFO - 40 % of model's snps found so far in the gwas study
INFO - 50 % of model's snps found so far in the gwas study
INFO - 60 % of model's snps found so far in the gwas study
INFO - 70 % of model's snps found so far in the gwas study
INFO - 78 % of model's snps used
WARNING - [91mIMPORTANT: The pvalue and zscore are uncalibrated for inflation[0m
INFO - Sucessfully processed metaxcan association in 6.450171399999817 seconds
  [ ok ] S-PrediXcan Nerve_Tibial x DPN

== 4. eQTLGen arm — build the weight database ==
scanned 10,507,664 rows, kept 65,622; genes with a model 103/114  (13.2 s)
extra rows = 103
model SNPs per gene: median 438, range 1-5032
genes in universe with no model (11): ['ATG101', 'GCKR', 'HNRNPA3', 'HSPD1', 'KLF14', 'PCBP2', 'PROX1', 'RBX1', 'RPL5', 'RPL7', 'SF3B4']
wrote: E:/workbuddy/_upstream_20261004/run/eqtlgen/eQTLGen_Whole_Blood.db  (4,866,048 B)
SHA-256: 413c4fff25c1820fd92f11f4370e25f3b82ea2ecd5a84ff0643d5f750312fa3c
  [ ok ] eQTLGen weights

== 5. eQTLGen arm — split by gene size, then build each band's covariance ==
band A: 94 genes, 46,919 model SNPs -> E:/workbuddy/_upstream_20261004/run/eqtlgen\db_A.db (3,469,312 B)
band B: 8 genes, 13,671 model SNPs -> E:/workbuddy/_upstream_20261004/run/eqtlgen\db_B.db (1,007,616 B)
band C: 1 genes, 5,032 model SNPs -> E:/workbuddy/_upstream_20261004/run/eqtlgen\db_C.db (380,928 B)
  [ ok ] split model
genes 94, distinct model SNPs 46,618
bim rows 22,665,064, matched 44,770 (96.0%)  (9.5 s)
dosages ready: 44,770 SNPs x 503 samples  (13.1 s)
wrote 94 genes / 18,390,068 rows  (23.1 s)
file: E:/workbuddy/_upstream_20261004/run/eqtlgen/cov_A.txt.gz  (183,659,809 B)
  [ ok ] covariance A

== 6. eQTLGen arm — align the GWAS onto the model alleles ==
distinct model SNPs 65,321
read 21,233,231 rows -> kept 58,964 (flipped 12817, allele-mismatch dropped 257)  (31.8 s)
wrote: E:/workbuddy/_upstream_20261004/run/eqtlgen/gwas_DR_aligned.tsv  (1,752,257 B)
  [ ok ] aligned DR
distinct model SNPs 65,321
read 21,275,761 rows -> kept 58,964 (flipped 12817, allele-mismatch dropped 258)  (31.9 s)
wrote: E:/workbuddy/_upstream_20261004/run/eqtlgen/gwas_DN_aligned.tsv  (1,752,488 B)
  [ ok ] aligned DN
distinct model SNPs 65,321
read 21,275,712 rows -> kept 58,964 (flipped 12817, allele-mismatch dropped 258)  (31.3 s)
wrote: E:/workbuddy/_upstream_20261004/run/eqtlgen/gwas_DPN_aligned.tsv  (1,754,047 B)
  [ ok ] aligned DPN

== 7. eQTLGen arm — S-PrediXcan (streamed covariance) ==
E:\workbuddy\_upstream_20261004\MetaXcan-0.8.1\software\metax\gwas\GWAS.py:102: SyntaxWarning: invalid escape sequence '\s'
  separator = '\s+'
E:\workbuddy\_upstream_20261004\MetaXcan-0.8.1\software\metax\gwas\GWASSpecialHandling.py:41: SyntaxWarning: invalid escape sequence '\s'
  split_r = re.compile(separator) if separator is not None else re.compile("\s")
E:\workbuddy\_upstream_20261004\MetaXcan-0.8.1\software\metax\gwas\GWASSpecialHandling.py:76: SyntaxWarning: invalid escape sequence '\+'
  non_en_number = re.compile("^[-\+]?[0-9]*,{1}[0-9]+([eE]{1}[-\+]?[0-9]+)?$")
E:\workbuddy\_upstream_20261004\MetaXcan-0.8.1\software\metax\MatrixManager.py:31: SyntaxWarning: invalid escape sequence '\s'
  d = pandas.read_table(path, sep="\s+")
WARNING - [91mMissing --gwas_h2 and --gwas_N are required to calibrate the pvalue and zscore.[0m
INFO - Processing GWAS command line parameters
INFO - Building beta for E:/workbuddy/_upstream_20261004/run/eqtlgen/gwas_DR_aligned.tsv and E:/workbuddy/_upstream_20261004/run/eqtlgen/db_A.db
INFO - Reading input gwas with special handling: E:/workbuddy/_upstream_20261004/run/eqtlgen/gwas_DR_aligned.tsv
INFO - Processing input gwas
INFO - Calculating zscore from se and beta
INFO - Aligning GWAS to models
INFO - Trimming output
INFO - Successfully parsed input gwas in 0.5219976000007591 seconds
INFO - Started metaxcan process
INFO - Loading model from: E:/workbuddy/_upstream_20261004/run/eqtlgen/db_A.db
INFO - Using streamed covariance from: E:/workbuddy/_upstream_20261004/run/eqtlgen/cov_A.txt.gz
WARNING - [91mThis version is more lenient with input covariances, as many potential errors can't be checked for the whole input covariance in advance. Pay extra care to your covariances![0m
INFO - Processing loaded gwas
INFO - Started metaxcan association
E:\workbuddy\_upstream_20261004\MetaXcan-0.8.1\software\metax\Utilities.py:216: FutureWarning: errors='ignore' is deprecated and will raise in a future version. Use to_numeric without passing `errors` and catch exceptions explicitly instead
  data = [pandas.to_numeric(x, errors=to_numeric) for x in data]
E:\workbuddy\_upstream_20261004\MetaXcan-0.8.1\software\metax\Utilities.py:216: FutureWarning: errors='ignore' is deprecated and will raise in a future version. Use to_numeric without passing `errors` and catch exceptions explicitly instead
  data = [pandas.to_numeric(x, errors=to_numeric) for x in data]
E:\workbuddy\_upstream_20261004\MetaXcan-0.8.1\software\metax\Utilities.py:216: FutureWarning: errors='ignore' is deprecated and will raise in a future version. Use to_numeric without passing `errors` and catch exceptions explicitly instead
  data = [pandas.to_numeric(x, errors=to_numeric) for x in data]
E:\workbuddy\_upstream_20261004\MetaXcan-0.8.1\software\metax\Utilities.py:216: FutureWarning: errors='ignore' is deprecated and will raise in a future version. Use to_numeric without passing `errors` and catch exceptions explicitly instead
  data = [pandas.to_numeric(x, errors=to_numeric) for x in data]
E:\workbuddy\_upstream_20261004\MetaXcan-0.8.1\software\metax\Utilities.py:216: FutureWarning: errors='ignore' is deprecated and will raise in a future version. Use to_numeric without passing `errors` and catch exceptions explicitly instead
  data = [pandas.to_numeric(x, errors=to_numeric) for x in data]
E:\workbuddy\_upstream_20261004\MetaXcan-0.8.1\software\metax\Utilities.py:216: FutureWarning: errors='ignore' is deprecated and will raise in a future version. Use to_numeric without passing `errors` and catch exceptions explicitly instead
  data = [pandas.to_numeric(x, errors=to_numeric) for x in data]
E:\workbuddy\_upstream_20261004\MetaXcan-0.8.1\software\metax\Utilities.py:216: FutureWarning: errors='ignore' is deprecated and will raise in a future version. Use to_numeric without passing `errors` and catch exceptions explicitly instead
  data = [pandas.to_numeric(x, errors=to_numeric) for x in data]
E:\workbuddy\_upstream_20261004\MetaXcan-0.8.1\software\metax\Utilities.py:216: FutureWarning: errors='ignore' is deprecated and will raise in a future version. Use to_numeric without passing `errors` and catch exceptions explicitly instead
  data = [pandas.to_numeric(x, errors=to_numeric) for x in data]
E:\workbuddy\_upstream_20261004\MetaXcan-0.8.1\software\metax\Utilities.py:216: FutureWarning: errors='ignore' is deprecated and will raise in a future version. Use to_numeric without passing `errors` and catch exceptions explicitly instead
  data = [pandas.to_numeric(x, errors=to_numeric) for x in data]
E:\workbuddy\_upstream_20261004\MetaXcan-0.8.1\software\metax\Utilities.py:216: FutureWarning: errors='ignore' is deprecated and will raise in a future version. Use to_numeric without passing `errors` and catch exceptions explicitly instead
  data = [pandas.to_numeric(x, errors=to_numeric) for x in data]
E:\workbuddy\_upstream_20261004\MetaXcan-0.8.1\software\metax\Utilities.py:216: FutureWarning: errors='ignore' is deprecated and will raise in a future version. Use to_numeric without passing `errors` and catch exceptions explicitly instead
  data = [pandas.to_numeric(x, errors=to_numeric) for x in data]
E:\workbuddy\_upstream_20261004\MetaXcan-0.8.1\software\metax\Utilities.py:216: FutureWarning: errors='ignore' is deprecated and will raise in a future version. Use to_numeric without passing `errors` and catch exceptions explicitly instead
  data = [pandas.to_numeric(x, errors=to_numeric) for x in data]
E:\workbuddy\_upstream_20261004\MetaXcan-0.8.1\software\metax\Utilities.py:216: FutureWarning: errors='ignore' is deprecated and will raise in a future version. Use to_numeric without passing `errors` and catch exceptions explicitly instead
  data = [pandas.to_numeric(x, errors=to_numeric) for x in data]
INFO - 10 % of model's snps found so far in the gwas study
E:\workbuddy\_upstream_20261004\MetaXcan-0.8.1\software\metax\Utilities.py:216: FutureWarning: errors='ignore' is deprecated and will raise in a future version. Use to_numeric without passing `errors` and catch exceptions explicitly instead
  data = [pandas.to_numeric(x, errors=to_numeric) for x in data]
E:\workbuddy\_upstream_20261004\MetaXcan-0.8.1\software\metax\Utilities.py:216: FutureWarning: errors='ignore' is deprecated and will raise in a future version. Use to_numeric without passing `errors` and catch exceptions explicitly instead
  data = [pandas.to_numeric(x, errors=to_numeric) for x in data]
E:\workbuddy\_upstream_20261004\MetaXcan-0.8.1\software\metax\Utilities.py:216: FutureWarning: errors='ignore' is deprecated and will raise in a future version. Use to_numeric without passing `errors` and catch exceptions explicitly instead
  data = [pandas.to_numeric(x, errors=to_numeric) for x in data]
E:\workbuddy\_upstream_20261004\MetaXcan-0.8.1\software\metax\Utilities.py:216: FutureWarning: errors='ignore' is deprecated and will raise in a future version. Use to_numeric without passing `errors` and catch exceptions explicitly instead
  data = [pandas.to_numeric(x, errors=to_numeric) for x in data]
E:\workbuddy\_upstream_20261004\MetaXcan-0.8.1\software\metax\Utilities.py:216: FutureWarning: errors='ignore' is deprecated and will raise in a future version. Use to_numeric without passing `errors` and catch exceptions explicitly instead
  data = [pandas.to_numeric(x, errors=to_numeric) for x in data]
E:\workbuddy\_upstream_20261004\MetaXcan-0.8.1\software\metax\Utilities.py:216: FutureWarning: errors='ignore' is deprecated and will raise in a future version. Use to_numeric without passing `errors` and catch exceptions explicitly instead
  data = [pandas.to_numeric(x, errors=to_numeric) for x in data]
E:\workbuddy\_upstream_20261004\MetaXcan-0.8.1\software\metax\Utilities.py:216: FutureWarning: errors='ignore' is deprecated and will raise in a future version. Use to_numeric without passing `errors` and catch exceptions explicitly instead
  data = [pandas.to_numeric(x, errors=to_numeric) for x in data]
E:\workbuddy\_upstream_20261004\MetaXcan-0.8.1\software\metax\Utilities.py:216: FutureWarning: errors='ignore' is deprecated and will raise in a future version. Use to_numeric without passing `errors` and catch exceptions explicitly instead
  data = [pandas.to_numeric(x, errors=to_numeric) for x in data]
E:\workbuddy\_upstream_20261004\MetaXcan-0.8.1\software\metax\Utilities.py:216: FutureWarning: errors='ignore' is deprecated and will raise in a future version. Use to_numeric without passing `errors` and catch exceptions explicitly instead
  data = [pandas.to_numeric(x, errors=to_numeric) for x in data]
E:\workbuddy\_upstream_20261004\MetaXcan-0.8.1\software\metax\Utilities.py:216: FutureWarning: errors='ignore' is deprecated and will raise in a future version. Use to_numeric without passing `errors` and catch exceptions explicitly instead
  data = [pandas.to_numeric(x, errors=to_numeric) for x in data]
E:\workbuddy\_upstream_20261004\MetaXcan-0.8.1\software\metax\Utilities.py:216: FutureWarning: errors='ignore' is deprecated and will raise in a future version. Use to_numeric without passing `errors` and catch exceptions explicitly instead
  data = [pandas.to_numeric(x, errors=to_numeric) for x in data]
E:\workbuddy\_upstream_20261004\MetaXcan-0.8.1\software\metax\Utilities.py:216: FutureWarning: errors='ignore' is deprecated and will raise in a future version. Use to_numeric without passing `errors` and catch exceptions explicitly instead
  data = [pandas.to_numeric(x, errors=to_numeric) for x in data]
E:\workbuddy\_upstream_20261004\MetaXcan-0.8.1\software\metax\Utilities.py:216: FutureWarning: errors='ignore' is deprecated and will raise in a future version. Use to_numeric without passing `errors` and catch exceptions explicitly instead
  data = [pandas.to_numeric(x, errors=to_numeric) for x in data]
INFO - 21 % of model's snps found so far in the gwas study
E:\workbuddy\_upstream_20261004\MetaXcan-0.8.1\software\metax\Utilities.py:216: FutureWarning: errors='ignore' is deprecated and will raise in a future version. Use to_numeric without passing `errors` and catch exceptions explicitly instead
  data = [pandas.to_numeric(x, errors=to_numeric) for x in data]
E:\workbuddy\_upstream_20261004\MetaXcan-0.8.1\software\metax\Utilities.py:216: FutureWarning: errors='ignore' is deprecated and will raise in a future version. Use to_numeric without passing `errors` and catch exceptions explicitly instead
  data = [pandas.to_numeric(x, errors=to_numeric) for x in data]
E:\workbuddy\_upstream_20261004\MetaXcan-0.8.1\software\metax\Utilities.py:216: FutureWarning: errors='ignore' is deprecated and will raise in a future version. Use to_numeric without passing `errors` and catch exceptions explicitly instead
  data = [pandas.to_numeric(x, errors=to_numeric) for x in data]
E:\workbuddy\_upstream_20261004\MetaXcan-0.8.1\software\metax\Utilities.py:216: FutureWarning: errors='ignore' is deprecated and will raise in a future version. Use to_numeric without passing `errors` and catch exceptions explicitly instead
  data = [pandas.to_numeric(x, errors=to_numeric) for x in data]
E:\workbuddy\_upstream_20261004\MetaXcan-0.8.1\software\metax\Utilities.py:216: FutureWarning: errors='ignore' is deprecated and will raise in a future version. Use to_numeric without passing `errors` and catch exceptions explicitly instead
  data = [pandas.to_numeric(x, errors=to_numeric) for x in data]
E:\workbuddy\_upstream_20261004\MetaXcan-0.8.1\software\metax\Utilities.py:216: FutureWarning: errors='ignore' is deprecated and will raise in a future version. Use to_numeric without passing `errors` and catch exceptions explicitly instead
  data = [pandas.to_numeric(x, errors=to_numeric) for x in data]
E:\workbuddy\_upstream_20261004\MetaXcan-0.8.1\software\metax\Utilities.py:216: FutureWarning: errors='ignore' is deprecated and will raise in a future version. Use to_numeric without passing `errors` and catch exceptions explicitly instead
  data = [pandas.to_numeric(x, errors=to_numeric) for x in data]
E:\workbuddy\_upstream_20261004\MetaXcan-0.8.1\software\metax\Utilities.py:216: FutureWarning: errors='ignore' is deprecated and will raise in a future version. Use to_numeric without passing `errors` and catch exceptions explicitly instead
  data = [pandas.to_numeric(x, errors=to_numeric) for x in data]
E:\workbuddy\_upstream_20261004\MetaXcan-0.8.1\software\metax\Utilities.py:216: FutureWarning: errors='ignore' is deprecated and will raise in a future version. Use to_numeric without passing `errors` and catch exceptions explicitly instead
  data = [pandas.to_numeric(x, errors=to_numeric) for x in data]
E:\workbuddy\_upstream_20261004\MetaXcan-0.8.1\software\metax\Utilities.py:216: FutureWarning: errors='ignore' is deprecated and will raise in a future version. Use to_numeric without passing `errors` and catch exceptions explicitly instead
  data = [pandas.to_numeric(x, errors=to_numeric) for x in data]
E:\workbuddy\_upstream_20261004\MetaXcan-0.8.1\software\metax\Utilities.py:216: FutureWarning: errors='ignore' is deprecated and will raise in a future version. Use to_numeric without passing `errors` and catch exceptions explicitly instead
  data = [pandas.to_numeric(x, errors=to_numeric) for x in data]
E:\workbuddy\_upstream_20261004\MetaXcan-0.8.1\software\metax\Utilities.py:216: FutureWarning: errors='ignore' is deprecated and will raise in a future version. Use to_numeric without passing `errors` and catch exceptions explicitly instead
  data = [pandas.to_numeric(x, errors=to_numeric) for x in data]
INFO - 32 % of model's snps found so far in the gwas study
E:\workbuddy\_upstream_20261004\MetaXcan-0.8.1\software\metax\Utilities.py:216: FutureWarning: errors='ignore' is deprecated and will raise in a future version. Use to_numeric without passing `errors` and catch exceptions explicitly instead
  data = [pandas.to_numeric(x, errors=to_numeric) for x in data]
E:\workbuddy\_upstream_20261004\MetaXcan-0.8.1\software\metax\Utilities.py:216: FutureWarning: errors='ignore' is deprecated and will raise in a future version. Use to_numeric without passing `errors` and catch exceptions explicitly instead
  data = [pandas.to_numeric(x, errors=to_numeric) for x in data]
E:\workbuddy\_upstream_20261004\MetaXcan-0.8.1\software\metax\Utilities.py:216: FutureWarning: errors='ignore' is deprecated and will raise in a future version. Use to_numeric without passing `errors` and catch exceptions explicitly instead
  data = [pandas.to_numeric(x, errors=to_numeric) for x in data]
E:\workbuddy\_upstream_20261004\MetaXcan-0.8.1\software\metax\Utilities.py:216: FutureWarning: errors='ignore' is deprecated and will raise in a future version. Use to_numeric without passing `errors` and catch exceptions explicitly instead
  data = [pandas.to_numeric(x, errors=to_numeric) for x in data]
E:\workbuddy\_upstream_20261004\MetaXcan-0.8.1\software\metax\Utilities.py:216: FutureWarning: errors='ignore' is deprecated and will raise in a future version. Use to_numeric without passing `errors` and catch exceptions explicitly instead
  data = [pandas.to_numeric(x, errors=to_numeric) for x in data]
E:\workbuddy\_upstream_20261004\MetaXcan-0.8.1\software\metax\Utilities.py:216: FutureWarning: errors='ignore' is deprecated and will raise in a future version. Use to_numeric without passing `errors` and catch exceptions explicitly instead
  data = [pandas.to_numeric(x, errors=to_numeric) for x in data]
E:\workbuddy\_upstream_20261004\MetaXcan-0.8.1\software\metax\Utilities.py:216: FutureWarning: errors='ignore' is deprecated and will raise in a future version. Use to_numeric without passing `errors` and catch exceptions explicitly instead
  data = [pandas.to_numeric(x, errors=to_numeric) for x in data]
E:\workbuddy\_upstream_20261004\MetaXcan-0.8.1\software\metax\Utilities.py:216: FutureWarning: errors='ignore' is deprecated and will raise in a future version. Use to_numeric without passing `errors` and catch exceptions explicitly instead
  data = [pandas.to_numeric(x, errors=to_numeric) for x in data]
E:\workbuddy\_upstream_20261004\MetaXcan-0.8.1\software\metax\Utilities.py:216: FutureWarning: errors='ignore' is deprecated and will raise in a future version. Use to_numeric without passing `errors` and catch exceptions explicitly instead
  data = [pandas.to_numeric(x, errors=to_numeric) for x in data]
E:\workbuddy\_upstream_20261004\MetaXcan-0.8.1\software\metax\Utilities.py:216: FutureWarning: errors='ignore' is deprecated and will raise in a future version. Use to_numeric without passing `errors` and catch exceptions explicitly instead
  data = [pandas.to_numeric(x, errors=to_numeric) for x in data]
E:\workbuddy\_upstream_20261004\MetaXcan-0.8.1\software\metax\Utilities.py:216: FutureWarning: errors='ignore' is deprecated and will raise in a future version. Use to_numeric without passing `errors` and catch exceptions explicitly instead
  data = [pandas.to_numeric(x, errors=to_numeric) for x in data]
E:\workbuddy\_upstream_20261004\MetaXcan-0.8.1\software\metax\Utilities.py:216: FutureWarning: errors='ignore' is deprecated and will raise in a future version. Use to_numeric without passing `errors` and catch exceptions explicitly instead
  data = [pandas.to_numeric(x, errors=to_numeric) for x in data]
INFO - 43 % of model's snps found so far in the gwas study
E:\workbuddy\_upstream_20261004\MetaXcan-0.8.1\software\metax\Utilities.py:216: FutureWarning: errors='ignore' is deprecated and will raise in a future version. Use to_numeric without passing `errors` and catch exceptions explicitly instead
  data = [pandas.to_numeric(x, errors=to_numeric) for x in data]
E:\workbuddy\_upstream_20261004\MetaXcan-0.8.1\software\metax\Utilities.py:216: FutureWarning: errors='ignore' is deprecated and will raise in a future version. Use to_numeric without passing `errors` and catch exceptions explicitly instead
  data = [pandas.to_numeric(x, errors=to_numeric) for x in data]
E:\workbuddy\_upstream_20261004\MetaXcan-0.8.1\software\metax\Utilities.py:216: FutureWarning: errors='ignore' is deprecated and will raise in a future version. Use to_numeric without passing `errors` and catch exceptions explicitly instead
  data = [pandas.to_numeric(x, errors=to_numeric) for x in data]
E:\workbuddy\_upstream_20261004\MetaXcan-0.8.1\software\metax\Utilities.py:216: FutureWarning: errors='ignore' is deprecated and will raise in a future version. Use to_numeric without passing `errors` and catch exceptions explicitly instead
  data = [pandas.to_numeric(x, errors=to_numeric) for x in data]
E:\workbuddy\_upstream_20261004\MetaXcan-0.8.1\software\metax\Utilities.py:216: FutureWarning: errors='ignore' is deprecated and will raise in a future version. Use to_numeric without passing `errors` and catch exceptions explicitly instead
  data = [pandas.to_numeric(x, errors=to_numeric) for x in data]
E:\workbuddy\_upstream_20261004\MetaXcan-0.8.1\software\metax\Utilities.py:216: FutureWarning: errors='ignore' is deprecated and will raise in a future version. Use to_numeric without passing `errors` and catch exceptions explicitly instead
  data = [pandas.to_numeric(x, errors=to_numeric) for x in data]
E:\workbuddy\_upstream_20261004\MetaXcan-0.8.1\software\metax\Utilities.py:216: FutureWarning: errors='ignore' is deprecated and will raise in a future version. Use to_numeric without passing `errors` and catch exceptions explicitly instead
  data = [pandas.to_numeric(x, errors=to_numeric) for x in data]
INFO - 55 % of model's snps found so far in the gwas study
E:\workbuddy\_upstream_20261004\MetaXcan-0.8.1\software\metax\Utilities.py:216: FutureWarning: errors='ignore' is deprecated and will raise in a future version. Use to_numeric without passing `errors` and catch exceptions explicitly instead
  data = [pandas.to_numeric(x, errors=to_numeric) for x in data]
E:\workbuddy\_upstream_20261004\MetaXcan-0.8.1\software\metax\Utilities.py:216: FutureWarning: errors='ignore' is deprecated and will raise in a future version. Use to_numeric without passing `errors` and catch exceptions explicitly instead
  data = [pandas.to_numeric(x, errors=to_numeric) for x in data]
E:\workbuddy\_upstream_20261004\MetaXcan-0.8.1\software\metax\Utilities.py:216: FutureWarning: errors='ignore' is deprecated and will raise in a future version. Use to_numeric without passing `errors` and catch exceptions explicitly instead
  data = [pandas.to_numeric(x, errors=to_numeric) for x in data]
E:\workbuddy\_upstream_20261004\MetaXcan-0.8.1\software\metax\Utilities.py:216: FutureWarning: errors='ignore' is deprecated and will raise in a future version. Use to_numeric without passing `errors` and catch exceptions explicitly instead
  data = [pandas.to_numeric(x, errors=to_numeric) for x in data]
E:\workbuddy\_upstream_20261004\MetaXcan-0.8.1\software\metax\Utilities.py:216: FutureWarning: errors='ignore' is deprecated and will raise in a future version. Use to_numeric without passing `errors` and catch exceptions explicitly instead
  data = [pandas.to_numeric(x, errors=to_numeric) for x in data]
E:\workbuddy\_upstream_20261004\MetaXcan-0.8.1\software\metax\Utilities.py:216: FutureWarning: errors='ignore' is deprecated and will raise in a future version. Use to_numeric without passing `errors` and catch exceptions explicitly instead
  data = [pandas.to_numeric(x, errors=to_numeric) for x in data]
E:\workbuddy\_upstream_20261004\MetaXcan-0.8.1\software\metax\Utilities.py:216: FutureWarning: errors='ignore' is deprecated and will raise in a future version. Use to_numeric without passing `errors` and catch exceptions explicitly instead
  data = [pandas.to_numeric(x, errors=to_numeric) for x in data]
E:\workbuddy\_upstream_20261004\MetaXcan-0.8.1\software\metax\Utilities.py:216: FutureWarning: errors='ignore' is deprecated and will raise in a future version. Use to_numeric without passing `errors` and catch exceptions explicitly instead
  data = [pandas.to_numeric(x, errors=to_numeric) for x in data]
E:\workbuddy\_upstream_20261004\MetaXcan-0.8.1\software\metax\Utilities.py:216: FutureWarning: errors='ignore' is deprecated and will raise in a future version. Use to_numeric without passing `errors` and catch exceptions explicitly instead
  data = [pandas.to_numeric(x, errors=to_numeric) for x in data]
E:\workbuddy\_upstream_20261004\MetaXcan-0.8.1\software\metax\Utilities.py:216: FutureWarning: errors='ignore' is deprecated and will raise in a future version. Use to_numeric without passing `errors` and catch exceptions explicitly instead
  data = [pandas.to_numeric(x, errors=to_numeric) for x in data]
E:\workbuddy\_upstream_20261004\MetaXcan-0.8.1\software\metax\Utilities.py:216: FutureWarning: errors='ignore' is deprecated and will raise in a future version. Use to_numeric without passing `errors` and catch exceptions explicitly instead
  data = [pandas.to_numeric(x, errors=to_numeric) for x in data]
E:\workbuddy\_upstream_20261004\MetaXcan-0.8.1\software\metax\Utilities.py:216: FutureWarning: errors='ignore' is deprecated and will raise in a future version. Use to_numeric without passing `errors` and catch exceptions explicitly instead
  data = [pandas.to_numeric(x, errors=to_numeric) for x in data]
E:\workbuddy\_upstream_20261004\MetaXcan-0.8.1\software\metax\Utilities.py:216: FutureWarning: errors='ignore' is deprecated and will raise in a future version. Use to_numeric without passing `errors` and catch exceptions explicitly instead
  data = [pandas.to_numeric(x, errors=to_numeric) for x in data]
INFO - 65 % of model's snps found so far in the gwas study
E:\workbuddy\_upstream_20261004\MetaXcan-0.8.1\software\metax\Utilities.py:216: FutureWarning: errors='ignore' is deprecated and will raise in a future version. Use to_numeric without passing `errors` and catch exceptions explicitly instead
  data = [pandas.to_numeric(x, errors=to_numeric) for x in data]
E:\workbuddy\_upstream_20261004\MetaXcan-0.8.1\software\metax\Utilities.py:216: FutureWarning: errors='ignore' is deprecated and will raise in a future version. Use to_numeric without passing `errors` and catch exceptions explicitly instead
  data = [pandas.to_numeric(x, errors=to_numeric) for x in data]
E:\workbuddy\_upstream_20261004\MetaXcan-0.8.1\software\metax\Utilities.py:216: FutureWarning: errors='ignore' is deprecated and will raise in a future version. Use to_numeric without passing `errors` and catch exceptions explicitly instead
  data = [pandas.to_numeric(x, errors=to_numeric) for x in data]
E:\workbuddy\_upstream_20261004\MetaXcan-0.8.1\software\metax\Utilities.py:216: FutureWarning: errors='ignore' is deprecated and will raise in a future version. Use to_numeric without passing `errors` and catch exceptions explicitly instead
  data = [pandas.to_numeric(x, errors=to_numeric) for x in data]
E:\workbuddy\_upstream_20261004\MetaXcan-0.8.1\software\metax\Utilities.py:216: FutureWarning: errors='ignore' is deprecated and will raise in a future version. Use to_numeric without passing `errors` and catch exceptions explicitly instead
  data = [pandas.to_numeric(x, errors=to_numeric) for x in data]
E:\workbuddy\_upstream_20261004\MetaXcan-0.8.1\software\metax\Utilities.py:216: FutureWarning: errors='ignore' is deprecated and will raise in a future version. Use to_numeric without passing `errors` and catch exceptions explicitly instead
  data = [pandas.to_numeric(x, errors=to_numeric) for x in data]
E:\workbuddy\_upstream_20261004\MetaXcan-0.8.1\software\metax\Utilities.py:216: FutureWarning: errors='ignore' is deprecated and will raise in a future version. Use to_numeric without passing `errors` and catch exceptions explicitly instead
  data = [pandas.to_numeric(x, errors=to_numeric) for x in data]
E:\workbuddy\_upstream_20261004\MetaXcan-0.8.1\software\metax\Utilities.py:216: FutureWarning: errors='ignore' is deprecated and will raise in a future version. Use to_numeric without passing `errors` and catch exceptions explicitly instead
  data = [pandas.to_numeric(x, errors=to_numeric) for x in data]
E:\workbuddy\_upstream_20261004\MetaXcan-0.8.1\software\metax\Utilities.py:216: FutureWarning: errors='ignore' is deprecated and will raise in a future version. Use to_numeric without passing `errors` and catch exceptions explicitly instead
  data = [pandas.to_numeric(x, errors=to_numeric) for x in data]
E:\workbuddy\_upstream_20261004\MetaXcan-0.8.1\software\metax\Utilities.py:216: FutureWarning: errors='ignore' is deprecated and will raise in a future version. Use to_numeric without passing `errors` and catch exceptions explicitly instead
  data = [pandas.to_numeric(x, errors=to_numeric) for x in data]
E:\workbuddy\_upstream_20261004\MetaXcan-0.8.1\software\metax\Utilities.py:216: FutureWarning: errors='ignore' is deprecated and will raise in a future version. Use to_numeric without passing `errors` and catch exceptions explicitly instead
  data = [pandas.to_numeric(x, errors=to_numeric) for x in data]
E:\workbuddy\_upstream_20261004\MetaXcan-0.8.1\software\metax\Utilities.py:216: FutureWarning: errors='ignore' is deprecated and will raise in a future version. Use to_numeric without passing `errors` and catch exceptions explicitly instead
  data = [pandas.to_numeric(x, errors=to_numeric) for x in data]
E:\workbuddy\_upstream_20261004\MetaXcan-0.8.1\software\metax\Utilities.py:216: FutureWarning: errors='ignore' is deprecated and will raise in a future version. Use to_numeric without passing `errors` and catch exceptions explicitly instead
  data = [pandas.to_numeric(x, errors=to_numeric) for x in data]
INFO - 75 % of model's snps found so far in the gwas study
E:\workbuddy\_upstream_20261004\MetaXcan-0.8.1\software\metax\Utilities.py:216: FutureWarning: errors='ignore' is deprecated and will raise in a future version. Use to_numeric without passing `errors` and catch exceptions explicitly instead
  data = [pandas.to_numeric(x, errors=to_numeric) for x in data]
E:\workbuddy\_upstream_20261004\MetaXcan-0.8.1\software\metax\Utilities.py:216: FutureWarning: errors='ignore' is deprecated and will raise in a future version. Use to_numeric without passing `errors` and catch exceptions explicitly instead
  data = [pandas.to_numeric(x, errors=to_numeric) for x in data]
E:\workbuddy\_upstream_20261004\MetaXcan-0.8.1\software\metax\Utilities.py:216: FutureWarning: errors='ignore' is deprecated and will raise in a future version. Use to_numeric without passing `errors` and catch exceptions explicitly instead
  data = [pandas.to_numeric(x, errors=to_numeric) for x in data]
E:\workbuddy\_upstream_20261004\MetaXcan-0.8.1\software\metax\Utilities.py:216: FutureWarning: errors='ignore' is deprecated and will raise in a future version. Use to_numeric without passing `errors` and catch exceptions explicitly instead
  data = [pandas.to_numeric(x, errors=to_numeric) for x in data]
E:\workbuddy\_upstream_20261004\MetaXcan-0.8.1\software\metax\Utilities.py:216: FutureWarning: errors='ignore' is deprecated and will raise in a future version. Use to_numeric without passing `errors` and catch exceptions explicitly instead
  data = [pandas.to_numeric(x, errors=to_numeric) for x in data]
E:\workbuddy\_upstream_20261004\MetaXcan-0.8.1\software\metax\Utilities.py:216: FutureWarning: errors='ignore' is deprecated and will raise in a future version. Use to_numeric without passing `errors` and catch exceptions explicitly instead
  data = [pandas.to_numeric(x, errors=to_numeric) for x in data]
E:\workbuddy\_upstream_20261004\MetaXcan-0.8.1\software\metax\Utilities.py:216: FutureWarning: errors='ignore' is deprecated and will raise in a future version. Use to_numeric without passing `errors` and catch exceptions explicitly instead
  data = [pandas.to_numeric(x, errors=to_numeric) for x in data]
INFO - 85 % of model's snps found so far in the gwas study
E:\workbuddy\_upstream_20261004\MetaXcan-0.8.1\software\metax\Utilities.py:216: FutureWarning: errors='ignore' is deprecated and will raise in a future version. Use to_numeric without passing `errors` and catch exceptions explicitly instead
  data = [pandas.to_numeric(x, errors=to_numeric) for x in data]
E:\workbuddy\_upstream_20261004\MetaXcan-0.8.1\software\metax\Utilities.py:216: FutureWarning: errors='ignore' is deprecated and will raise in a future version. Use to_numeric without passing `errors` and catch exceptions explicitly instead
  data = [pandas.to_numeric(x, errors=to_numeric) for x in data]
E:\workbuddy\_upstream_20261004\MetaXcan-0.8.1\software\metax\Utilities.py:216: FutureWarning: errors='ignore' is deprecated and will raise in a future version. Use to_numeric without passing `errors` and catch exceptions explicitly instead
  data = [pandas.to_numeric(x, errors=to_numeric) for x in data]
E:\workbuddy\_upstream_20261004\MetaXcan-0.8.1\software\metax\Utilities.py:216: FutureWarning: errors='ignore' is deprecated and will raise in a future version. Use to_numeric without passing `errors` and catch exceptions explicitly instead
  data = [pandas.to_numeric(x, errors=to_numeric) for x in data]
INFO - 90 % of model's snps used
WARNING - [91mIMPORTANT: The pvalue and zscore are uncalibrated for inflation[0m
INFO - Sucessfully processed metaxcan association in 376.91867060000004 seconds
  [ ok ] S-PrediXcan eQTLGen A x DR
E:\workbuddy\_upstream_20261004\MetaXcan-0.8.1\software\metax\gwas\GWAS.py:102: SyntaxWarning: invalid escape sequence '\s'
  separator = '\s+'
E:\workbuddy\_upstream_20261004\MetaXcan-0.8.1\software\metax\gwas\GWASSpecialHandling.py:41: SyntaxWarning: invalid escape sequence '\s'
  split_r = re.compile(separator) if separator is not None else re.compile("\s")
E:\workbuddy\_upstream_20261004\MetaXcan-0.8.1\software\metax\gwas\GWASSpecialHandling.py:76: SyntaxWarning: invalid escape sequence '\+'
  non_en_number = re.compile("^[-\+]?[0-9]*,{1}[0-9]+([eE]{1}[-\+]?[0-9]+)?$")
E:\workbuddy\_upstream_20261004\MetaXcan-0.8.1\software\metax\MatrixManager.py:31: SyntaxWarning: invalid escape sequence '\s'
  d = pandas.read_table(path, sep="\s+")
WARNING - [91mMissing --gwas_h2 and --gwas_N are required to calibrate the pvalue and zscore.[0m
INFO - Processing GWAS command line parameters
INFO - Building beta for E:/workbuddy/_upstream_20261004/run/eqtlgen/gwas_DN_aligned.tsv and E:/workbuddy/_upstream_20261004/run/eqtlgen/db_A.db
INFO - Reading input gwas with special handling: E:/workbuddy/_upstream_20261004/run/eqtlgen/gwas_DN_aligned.tsv
INFO - Processing input gwas
INFO - Calculating zscore from se and beta
INFO - Aligning GWAS to models
INFO - Trimming output
INFO - Successfully parsed input gwas in 0.40636690000246745 seconds
INFO - Started metaxcan process
INFO - Loading model from: E:/workbuddy/_upstream_20261004/run/eqtlgen/db_A.db
INFO - Using streamed covariance from: E:/workbuddy/_upstream_20261004/run/eqtlgen/cov_A.txt.gz
WARNING - [91mThis version is more lenient with input covariances, as many potential errors can't be checked for the whole input covariance in advance. Pay extra care to your covariances![0m
INFO - Processing loaded gwas
INFO - Started metaxcan association
E:\workbuddy\_upstream_20261004\MetaXcan-0.8.1\software\metax\Utilities.py:216: FutureWarning: errors='ignore' is deprecated and will raise in a future version. Use to_numeric without passing `errors` and catch exceptions explicitly instead
  data = [pandas.to_numeric(x, errors=to_numeric) for x in data]
E:\workbuddy\_upstream_20261004\MetaXcan-0.8.1\software\metax\Utilities.py:216: FutureWarning: errors='ignore' is deprecated and will raise in a future version. Use to_numeric without passing `errors` and catch exceptions explicitly instead
  data = [pandas.to_numeric(x, errors=to_numeric) for x in data]
E:\workbuddy\_upstream_20261004\MetaXcan-0.8.1\software\metax\Utilities.py:216: FutureWarning: errors='ignore' is deprecated and will raise in a future version. Use to_numeric without passing `errors` and catch exceptions explicitly instead
  data = [pandas.to_numeric(x, errors=to_numeric) for x in data]
E:\workbuddy\_upstream_20261004\MetaXcan-0.8.1\software\metax\Utilities.py:216: FutureWarning: errors='ignore' is deprecated and will raise in a future version. Use to_numeric without passing `errors` and catch exceptions explicitly instead
  data = [pandas.to_numeric(x, errors=to_numeric) for x in data]
E:\workbuddy\_upstream_20261004\MetaXcan-0.8.1\software\metax\Utilities.py:216: FutureWarning: errors='ignore' is deprecated and will raise in a future version. Use to_numeric without passing `errors` and catch exceptions explicitly instead
  data = [pandas.to_numeric(x, errors=to_numeric) for x in data]
E:\workbuddy\_upstream_20261004\MetaXcan-0.8.1\software\metax\Utilities.py:216: FutureWarning: errors='ignore' is deprecated and will raise in a future version. Use to_numeric without passing `errors` and catch exceptions explicitly instead
  data = [pandas.to_numeric(x, errors=to_numeric) for x in data]
E:\workbuddy\_upstream_20261004\MetaXcan-0.8.1\software\metax\Utilities.py:216: FutureWarning: errors='ignore' is deprecated and will raise in a future version. Use to_numeric without passing `errors` and catch exceptions explicitly instead
  data = [pandas.to_numeric(x, errors=to_numeric) for x in data]
E:\workbuddy\_upstream_20261004\MetaXcan-0.8.1\software\metax\Utilities.py:216: FutureWarning: errors='ignore' is deprecated and will raise in a future version. Use to_numeric without passing `errors` and catch exceptions explicitly instead
  data = [pandas.to_numeric(x, errors=to_numeric) for x in data]
E:\workbuddy\_upstream_20261004\MetaXcan-0.8.1\software\metax\Utilities.py:216: FutureWarning: errors='ignore' is deprecated and will raise in a future version. Use to_numeric without passing `errors` and catch exceptions explicitly instead
  data = [pandas.to_numeric(x, errors=to_numeric) for x in data]
E:\workbuddy\_upstream_20261004\MetaXcan-0.8.1\software\metax\Utilities.py:216: FutureWarning: errors='ignore' is deprecated and will raise in a future version. Use to_numeric without passing `errors` and catch exceptions explicitly instead
  data = [pandas.to_numeric(x, errors=to_numeric) for x in data]
E:\workbuddy\_upstream_20261004\MetaXcan-0.8.1\software\metax\Utilities.py:216: FutureWarning: errors='ignore' is deprecated and will raise in a future version. Use to_numeric without passing `errors` and catch exceptions explicitly instead
  data = [pandas.to_numeric(x, errors=to_numeric) for x in data]
E:\workbuddy\_upstream_20261004\MetaXcan-0.8.1\software\metax\Utilities.py:216: FutureWarning: errors='ignore' is deprecated and will raise in a future version. Use to_numeric without passing `errors` and catch exceptions explicitly instead
  data = [pandas.to_numeric(x, errors=to_numeric) for x in data]
E:\workbuddy\_upstream_20261004\MetaXcan-0.8.1\software\metax\Utilities.py:216: FutureWarning: errors='ignore' is deprecated and will raise in a future version. Use to_numeric without passing `errors` and catch exceptions explicitly instead
  data = [pandas.to_numeric(x, errors=to_numeric) for x in data]
INFO - 10 % of model's snps found so far in the gwas study
E:\workbuddy\_upstream_20261004\MetaXcan-0.8.1\software\metax\Utilities.py:216: FutureWarning: errors='ignore' is deprecated and will raise in a future version. Use to_numeric without passing `errors` and catch exceptions explicitly instead
  data = [pandas.to_numeric(x, errors=to_numeric) for x in data]
E:\workbuddy\_upstream_20261004\MetaXcan-0.8.1\software\metax\Utilities.py:216: FutureWarning: errors='ignore' is deprecated and will raise in a future version. Use to_numeric without passing `errors` and catch exceptions explicitly instead
  data = [pandas.to_numeric(x, errors=to_numeric) for x in data]
E:\workbuddy\_upstream_20261004\MetaXcan-0.8.1\software\metax\Utilities.py:216: FutureWarning: errors='ignore' is deprecated and will raise in a future version. Use to_numeric without passing `errors` and catch exceptions explicitly instead
  data = [pandas.to_numeric(x, errors=to_numeric) for x in data]
E:\workbuddy\_upstream_20261004\MetaXcan-0.8.1\software\metax\Utilities.py:216: FutureWarning: errors='ignore' is deprecated and will raise in a future version. Use to_numeric without passing `errors` and catch exceptions explicitly instead
  data = [pandas.to_numeric(x, errors=to_numeric) for x in data]
E:\workbuddy\_upstream_20261004\MetaXcan-0.8.1\software\metax\Utilities.py:216: FutureWarning: errors='ignore' is deprecated and will raise in a future version. Use to_numeric without passing `errors` and catch exceptions explicitly instead
  data = [pandas.to_numeric(x, errors=to_numeric) for x in data]
E:\workbuddy\_upstream_20261004\MetaXcan-0.8.1\software\metax\Utilities.py:216: FutureWarning: errors='ignore' is deprecated and will raise in a future version. Use to_numeric without passing `errors` and catch exceptions explicitly instead
  data = [pandas.to_numeric(x, errors=to_numeric) for x in data]
E:\workbuddy\_upstream_20261004\MetaXcan-0.8.1\software\metax\Utilities.py:216: FutureWarning: errors='ignore' is deprecated and will raise in a future version. Use to_numeric without passing `errors` and catch exceptions explicitly instead
  data = [pandas.to_numeric(x, errors=to_numeric) for x in data]
E:\workbuddy\_upstream_20261004\MetaXcan-0.8.1\software\metax\Utilities.py:216: FutureWarning: errors='ignore' is deprecated and will raise in a future version. Use to_numeric without passing `errors` and catch exceptions explicitly instead
  data = [pandas.to_numeric(x, errors=to_numeric) for x in data]
E:\workbuddy\_upstream_20261004\MetaXcan-0.8.1\software\metax\Utilities.py:216: FutureWarning: errors='ignore' is deprecated and will raise in a future version. Use to_numeric without passing `errors` and catch exceptions explicitly instead
  data = [pandas.to_numeric(x, errors=to_numeric) for x in data]
E:\workbuddy\_upstream_20261004\MetaXcan-0.8.1\software\metax\Utilities.py:216: FutureWarning: errors='ignore' is deprecated and will raise in a future version. Use to_numeric without passing `errors` and catch exceptions explicitly instead
  data = [pandas.to_numeric(x, errors=to_numeric) for x in data]
E:\workbuddy\_upstream_20261004\MetaXcan-0.8.1\software\metax\Utilities.py:216: FutureWarning: errors='ignore' is deprecated and will raise in a future version. Use to_numeric without passing `errors` and catch exceptions explicitly instead
  data = [pandas.to_numeric(x, errors=to_numeric) for x in data]
E:\workbuddy\_upstream_20261004\MetaXcan-0.8.1\software\metax\Utilities.py:216: FutureWarning: errors='ignore' is deprecated and will raise in a future version. Use to_numeric without passing `errors` and catch exceptions explicitly instead
  data = [pandas.to_numeric(x, errors=to_numeric) for x in data]
E:\workbuddy\_upstream_20261004\MetaXcan-0.8.1\software\metax\Utilities.py:216: FutureWarning: errors='ignore' is deprecated and will raise in a future version. Use to_numeric without passing `errors` and catch exceptions explicitly instead
  data = [pandas.to_numeric(x, errors=to_numeric) for x in data]
INFO - 21 % of model's snps found so far in the gwas study
E:\workbuddy\_upstream_20261004\MetaXcan-0.8.1\software\metax\Utilities.py:216: FutureWarning: errors='ignore' is deprecated and will raise in a future version. Use to_numeric without passing `errors` and catch exceptions explicitly instead
  data = [pandas.to_numeric(x, errors=to_numeric) for x in data]
E:\workbuddy\_upstream_20261004\MetaXcan-0.8.1\software\metax\Utilities.py:216: FutureWarning: errors='ignore' is deprecated and will raise in a future version. Use to_numeric without passing `errors` and catch exceptions explicitly instead
  data = [pandas.to_numeric(x, errors=to_numeric) for x in data]
E:\workbuddy\_upstream_20261004\MetaXcan-0.8.1\software\metax\Utilities.py:216: FutureWarning: errors='ignore' is deprecated and will raise in a future version. Use to_numeric without passing `errors` and catch exceptions explicitly instead
  data = [pandas.to_numeric(x, errors=to_numeric) for x in data]
E:\workbuddy\_upstream_20261004\MetaXcan-0.8.1\software\metax\Utilities.py:216: FutureWarning: errors='ignore' is deprecated and will raise in a future version. Use to_numeric without passing `errors` and catch exceptions explicitly instead
  data = [pandas.to_numeric(x, errors=to_numeric) for x in data]
E:\workbuddy\_upstream_20261004\MetaXcan-0.8.1\software\metax\Utilities.py:216: FutureWarning: errors='ignore' is deprecated and will raise in a future version. Use to_numeric without passing `errors` and catch exceptions explicitly instead
  data = [pandas.to_numeric(x, errors=to_numeric) for x in data]
E:\workbuddy\_upstream_20261004\MetaXcan-0.8.1\software\metax\Utilities.py:216: FutureWarning: errors='ignore' is deprecated and will raise in a future version. Use to_numeric without passing `errors` and catch exceptions explicitly instead
  data = [pandas.to_numeric(x, errors=to_numeric) for x in data]
E:\workbuddy\_upstream_20261004\MetaXcan-0.8.1\software\metax\Utilities.py:216: FutureWarning: errors='ignore' is deprecated and will raise in a future version. Use to_numeric without passing `errors` and catch exceptions explicitly instead
  data = [pandas.to_numeric(x, errors=to_numeric) for x in data]
E:\workbuddy\_upstream_20261004\MetaXcan-0.8.1\software\metax\Utilities.py:216: FutureWarning: errors='ignore' is deprecated and will raise in a future version. Use to_numeric without passing `errors` and catch exceptions explicitly instead
  data = [pandas.to_numeric(x, errors=to_numeric) for x in data]
E:\workbuddy\_upstream_20261004\MetaXcan-0.8.1\software\metax\Utilities.py:216: FutureWarning: errors='ignore' is deprecated and will raise in a future version. Use to_numeric without passing `errors` and catch exceptions explicitly instead
  data = [pandas.to_numeric(x, errors=to_numeric) for x in data]
E:\workbuddy\_upstream_20261004\MetaXcan-0.8.1\software\metax\Utilities.py:216: FutureWarning: errors='ignore' is deprecated and will raise in a future version. Use to_numeric without passing `errors` and catch exceptions explicitly instead
  data = [pandas.to_numeric(x, errors=to_numeric) for x in data]
E:\workbuddy\_upstream_20261004\MetaXcan-0.8.1\software\metax\Utilities.py:216: FutureWarning: errors='ignore' is deprecated and will raise in a future version. Use to_numeric without passing `errors` and catch exceptions explicitly instead
  data = [pandas.to_numeric(x, errors=to_numeric) for x in data]
E:\workbuddy\_upstream_20261004\MetaXcan-0.8.1\software\metax\Utilities.py:216: FutureWarning: errors='ignore' is deprecated and will raise in a future version. Use to_numeric without passing `errors` and catch exceptions explicitly instead
  data = [pandas.to_numeric(x, errors=to_numeric) for x in data]
INFO - 32 % of model's snps found so far in the gwas study
E:\workbuddy\_upstream_20261004\MetaXcan-0.8.1\software\metax\Utilities.py:216: FutureWarning: errors='ignore' is deprecated and will raise in a future version. Use to_numeric without passing `errors` and catch exceptions explicitly instead
  data = [pandas.to_numeric(x, errors=to_numeric) for x in data]
E:\workbuddy\_upstream_20261004\MetaXcan-0.8.1\software\metax\Utilities.py:216: FutureWarning: errors='ignore' is deprecated and will raise in a future version. Use to_numeric without passing `errors` and catch exceptions explicitly instead
  data = [pandas.to_numeric(x, errors=to_numeric) for x in data]
E:\workbuddy\_upstream_20261004\MetaXcan-0.8.1\software\metax\Utilities.py:216: FutureWarning: errors='ignore' is deprecated and will raise in a future version. Use to_numeric without passing `errors` and catch exceptions explicitly instead
  data = [pandas.to_numeric(x, errors=to_numeric) for x in data]
E:\workbuddy\_upstream_20261004\MetaXcan-0.8.1\software\metax\Utilities.py:216: FutureWarning: errors='ignore' is deprecated and will raise in a future version. Use to_numeric without passing `errors` and catch exceptions explicitly instead
  data = [pandas.to_numeric(x, errors=to_numeric) for x in data]
E:\workbuddy\_upstream_20261004\MetaXcan-0.8.1\software\metax\Utilities.py:216: FutureWarning: errors='ignore' is deprecated and will raise in a future version. Use to_numeric without passing `errors` and catch exceptions explicitly instead
  data = [pandas.to_numeric(x, errors=to_numeric) for x in data]
E:\workbuddy\_upstream_20261004\MetaXcan-0.8.1\software\metax\Utilities.py:216: FutureWarning: errors='ignore' is deprecated and will raise in a future version. Use to_numeric without passing `errors` and catch exceptions explicitly instead
  data = [pandas.to_numeric(x, errors=to_numeric) for x in data]
E:\workbuddy\_upstream_20261004\MetaXcan-0.8.1\software\metax\Utilities.py:216: FutureWarning: errors='ignore' is deprecated and will raise in a future version. Use to_numeric without passing `errors` and catch exceptions explicitly instead
  data = [pandas.to_numeric(x, errors=to_numeric) for x in data]
E:\workbuddy\_upstream_20261004\MetaXcan-0.8.1\software\metax\Utilities.py:216: FutureWarning: errors='ignore' is deprecated and will raise in a future version. Use to_numeric without passing `errors` and catch exceptions explicitly instead
  data = [pandas.to_numeric(x, errors=to_numeric) for x in data]
E:\workbuddy\_upstream_20261004\MetaXcan-0.8.1\software\metax\Utilities.py:216: FutureWarning: errors='ignore' is deprecated and will raise in a future version. Use to_numeric without passing `errors` and catch exceptions explicitly instead
  data = [pandas.to_numeric(x, errors=to_numeric) for x in data]
E:\workbuddy\_upstream_20261004\MetaXcan-0.8.1\software\metax\Utilities.py:216: FutureWarning: errors='ignore' is deprecated and will raise in a future version. Use to_numeric without passing `errors` and catch exceptions explicitly instead
  data = [pandas.to_numeric(x, errors=to_numeric) for x in data]
E:\workbuddy\_upstream_20261004\MetaXcan-0.8.1\software\metax\Utilities.py:216: FutureWarning: errors='ignore' is deprecated and will raise in a future version. Use to_numeric without passing `errors` and catch exceptions explicitly instead
  data = [pandas.to_numeric(x, errors=to_numeric) for x in data]
E:\workbuddy\_upstream_20261004\MetaXcan-0.8.1\software\metax\Utilities.py:216: FutureWarning: errors='ignore' is deprecated and will raise in a future version. Use to_numeric without passing `errors` and catch exceptions explicitly instead
  data = [pandas.to_numeric(x, errors=to_numeric) for x in data]
INFO - 43 % of model's snps found so far in the gwas study
E:\workbuddy\_upstream_20261004\MetaXcan-0.8.1\software\metax\Utilities.py:216: FutureWarning: errors='ignore' is deprecated and will raise in a future version. Use to_numeric without passing `errors` and catch exceptions explicitly instead
  data = [pandas.to_numeric(x, errors=to_numeric) for x in data]
E:\workbuddy\_upstream_20261004\MetaXcan-0.8.1\software\metax\Utilities.py:216: FutureWarning: errors='ignore' is deprecated and will raise in a future version. Use to_numeric without passing `errors` and catch exceptions explicitly instead
  data = [pandas.to_numeric(x, errors=to_numeric) for x in data]
E:\workbuddy\_upstream_20261004\MetaXcan-0.8.1\software\metax\Utilities.py:216: FutureWarning: errors='ignore' is deprecated and will raise in a future version. Use to_numeric without passing `errors` and catch exceptions explicitly instead
  data = [pandas.to_numeric(x, errors=to_numeric) for x in data]
E:\workbuddy\_upstream_20261004\MetaXcan-0.8.1\software\metax\Utilities.py:216: FutureWarning: errors='ignore' is deprecated and will raise in a future version. Use to_numeric without passing `errors` and catch exceptions explicitly instead
  data = [pandas.to_numeric(x, errors=to_numeric) for x in data]
E:\workbuddy\_upstream_20261004\MetaXcan-0.8.1\software\metax\Utilities.py:216: FutureWarning: errors='ignore' is deprecated and will raise in a future version. Use to_numeric without passing `errors` and catch exceptions explicitly instead
  data = [pandas.to_numeric(x, errors=to_numeric) for x in data]
E:\workbuddy\_upstream_20261004\MetaXcan-0.8.1\software\metax\Utilities.py:216: FutureWarning: errors='ignore' is deprecated and will raise in a future version. Use to_numeric without passing `errors` and catch exceptions explicitly instead
  data = [pandas.to_numeric(x, errors=to_numeric) for x in data]
E:\workbuddy\_upstream_20261004\MetaXcan-0.8.1\software\metax\Utilities.py:216: FutureWarning: errors='ignore' is deprecated and will raise in a future version. Use to_numeric without passing `errors` and catch exceptions explicitly instead
  data = [pandas.to_numeric(x, errors=to_numeric) for x in data]
INFO - 55 % of model's snps found so far in the gwas study
E:\workbuddy\_upstream_20261004\MetaXcan-0.8.1\software\metax\Utilities.py:216: FutureWarning: errors='ignore' is deprecated and will raise in a future version. Use to_numeric without passing `errors` and catch exceptions explicitly instead
  data = [pandas.to_numeric(x, errors=to_numeric) for x in data]
E:\workbuddy\_upstream_20261004\MetaXcan-0.8.1\software\metax\Utilities.py:216: FutureWarning: errors='ignore' is deprecated and will raise in a future version. Use to_numeric without passing `errors` and catch exceptions explicitly instead
  data = [pandas.to_numeric(x, errors=to_numeric) for x in data]
E:\workbuddy\_upstream_20261004\MetaXcan-0.8.1\software\metax\Utilities.py:216: FutureWarning: errors='ignore' is deprecated and will raise in a future version. Use to_numeric without passing `errors` and catch exceptions explicitly instead
  data = [pandas.to_numeric(x, errors=to_numeric) for x in data]
E:\workbuddy\_upstream_20261004\MetaXcan-0.8.1\software\metax\Utilities.py:216: FutureWarning: errors='ignore' is deprecated and will raise in a future version. Use to_numeric without passing `errors` and catch exceptions explicitly instead
  data = [pandas.to_numeric(x, errors=to_numeric) for x in data]
E:\workbuddy\_upstream_20261004\MetaXcan-0.8.1\software\metax\Utilities.py:216: FutureWarning: errors='ignore' is deprecated and will raise in a future version. Use to_numeric without passing `errors` and catch exceptions explicitly instead
  data = [pandas.to_numeric(x, errors=to_numeric) for x in data]
E:\workbuddy\_upstream_20261004\MetaXcan-0.8.1\software\metax\Utilities.py:216: FutureWarning: errors='ignore' is deprecated and will raise in a future version. Use to_numeric without passing `errors` and catch exceptions explicitly instead
  data = [pandas.to_numeric(x, errors=to_numeric) for x in data]
E:\workbuddy\_upstream_20261004\MetaXcan-0.8.1\software\metax\Utilities.py:216: FutureWarning: errors='ignore' is deprecated and will raise in a future version. Use to_numeric without passing `errors` and catch exceptions explicitly instead
  data = [pandas.to_numeric(x, errors=to_numeric) for x in data]
E:\workbuddy\_upstream_20261004\MetaXcan-0.8.1\software\metax\Utilities.py:216: FutureWarning: errors='ignore' is deprecated and will raise in a future version. Use to_numeric without passing `errors` and catch exceptions explicitly instead
  data = [pandas.to_numeric(x, errors=to_numeric) for x in data]
E:\workbuddy\_upstream_20261004\MetaXcan-0.8.1\software\metax\Utilities.py:216: FutureWarning: errors='ignore' is deprecated and will raise in a future version. Use to_numeric without passing `errors` and catch exceptions explicitly instead
  data = [pandas.to_numeric(x, errors=to_numeric) for x in data]
E:\workbuddy\_upstream_20261004\MetaXcan-0.8.1\software\metax\Utilities.py:216: FutureWarning: errors='ignore' is deprecated and will raise in a future version. Use to_numeric without passing `errors` and catch exceptions explicitly instead
  data = [pandas.to_numeric(x, errors=to_numeric) for x in data]
E:\workbuddy\_upstream_20261004\MetaXcan-0.8.1\software\metax\Utilities.py:216: FutureWarning: errors='ignore' is deprecated and will raise in a future version. Use to_numeric without passing `errors` and catch exceptions explicitly instead
  data = [pandas.to_numeric(x, errors=to_numeric) for x in data]
E:\workbuddy\_upstream_20261004\MetaXcan-0.8.1\software\metax\Utilities.py:216: FutureWarning: errors='ignore' is deprecated and will raise in a future version. Use to_numeric without passing `errors` and catch exceptions explicitly instead
  data = [pandas.to_numeric(x, errors=to_numeric) for x in data]
E:\workbuddy\_upstream_20261004\MetaXcan-0.8.1\software\metax\Utilities.py:216: FutureWarning: errors='ignore' is deprecated and will raise in a future version. Use to_numeric without passing `errors` and catch exceptions explicitly instead
  data = [pandas.to_numeric(x, errors=to_numeric) for x in data]
INFO - 65 % of model's snps found so far in the gwas study
E:\workbuddy\_upstream_20261004\MetaXcan-0.8.1\software\metax\Utilities.py:216: FutureWarning: errors='ignore' is deprecated and will raise in a future version. Use to_numeric without passing `errors` and catch exceptions explicitly instead
  data = [pandas.to_numeric(x, errors=to_numeric) for x in data]
E:\workbuddy\_upstream_20261004\MetaXcan-0.8.1\software\metax\Utilities.py:216: FutureWarning: errors='ignore' is deprecated and will raise in a future version. Use to_numeric without passing `errors` and catch exceptions explicitly instead
  data = [pandas.to_numeric(x, errors=to_numeric) for x in data]
E:\workbuddy\_upstream_20261004\MetaXcan-0.8.1\software\metax\Utilities.py:216: FutureWarning: errors='ignore' is deprecated and will raise in a future version. Use to_numeric without passing `errors` and catch exceptions explicitly instead
  data = [pandas.to_numeric(x, errors=to_numeric) for x in data]
E:\workbuddy\_upstream_20261004\MetaXcan-0.8.1\software\metax\Utilities.py:216: FutureWarning: errors='ignore' is deprecated and will raise in a future version. Use to_numeric without passing `errors` and catch exceptions explicitly instead
  data = [pandas.to_numeric(x, errors=to_numeric) for x in data]
E:\workbuddy\_upstream_20261004\MetaXcan-0.8.1\software\metax\Utilities.py:216: FutureWarning: errors='ignore' is deprecated and will raise in a future version. Use to_numeric without passing `errors` and catch exceptions explicitly instead
  data = [pandas.to_numeric(x, errors=to_numeric) for x in data]
E:\workbuddy\_upstream_20261004\MetaXcan-0.8.1\software\metax\Utilities.py:216: FutureWarning: errors='ignore' is deprecated and will raise in a future version. Use to_numeric without passing `errors` and catch exceptions explicitly instead
  data = [pandas.to_numeric(x, errors=to_numeric) for x in data]
E:\workbuddy\_upstream_20261004\MetaXcan-0.8.1\software\metax\Utilities.py:216: FutureWarning: errors='ignore' is deprecated and will raise in a future version. Use to_numeric without passing `errors` and catch exceptions explicitly instead
  data = [pandas.to_numeric(x, errors=to_numeric) for x in data]
E:\workbuddy\_upstream_20261004\MetaXcan-0.8.1\software\metax\Utilities.py:216: FutureWarning: errors='ignore' is deprecated and will raise in a future version. Use to_numeric without passing `errors` and catch exceptions explicitly instead
  data = [pandas.to_numeric(x, errors=to_numeric) for x in data]
E:\workbuddy\_upstream_20261004\MetaXcan-0.8.1\software\metax\Utilities.py:216: FutureWarning: errors='ignore' is deprecated and will raise in a future version. Use to_numeric without passing `errors` and catch exceptions explicitly instead
  data = [pandas.to_numeric(x, errors=to_numeric) for x in data]
E:\workbuddy\_upstream_20261004\MetaXcan-0.8.1\software\metax\Utilities.py:216: FutureWarning: errors='ignore' is deprecated and will raise in a future version. Use to_numeric without passing `errors` and catch exceptions explicitly instead
  data = [pandas.to_numeric(x, errors=to_numeric) for x in data]
E:\workbuddy\_upstream_20261004\MetaXcan-0.8.1\software\metax\Utilities.py:216: FutureWarning: errors='ignore' is deprecated and will raise in a future version. Use to_numeric without passing `errors` and catch exceptions explicitly instead
  data = [pandas.to_numeric(x, errors=to_numeric) for x in data]
E:\workbuddy\_upstream_20261004\MetaXcan-0.8.1\software\metax\Utilities.py:216: FutureWarning: errors='ignore' is deprecated and will raise in a future version. Use to_numeric without passing `errors` and catch exceptions explicitly instead
  data = [pandas.to_numeric(x, errors=to_numeric) for x in data]
E:\workbuddy\_upstream_20261004\MetaXcan-0.8.1\software\metax\Utilities.py:216: FutureWarning: errors='ignore' is deprecated and will raise in a future version. Use to_numeric without passing `errors` and catch exceptions explicitly instead
  data = [pandas.to_numeric(x, errors=to_numeric) for x in data]
INFO - 75 % of model's snps found so far in the gwas study
E:\workbuddy\_upstream_20261004\MetaXcan-0.8.1\software\metax\Utilities.py:216: FutureWarning: errors='ignore' is deprecated and will raise in a future version. Use to_numeric without passing `errors` and catch exceptions explicitly instead
  data = [pandas.to_numeric(x, errors=to_numeric) for x in data]
E:\workbuddy\_upstream_20261004\MetaXcan-0.8.1\software\metax\Utilities.py:216: FutureWarning: errors='ignore' is deprecated and will raise in a future version. Use to_numeric without passing `errors` and catch exceptions explicitly instead
  data = [pandas.to_numeric(x, errors=to_numeric) for x in data]
E:\workbuddy\_upstream_20261004\MetaXcan-0.8.1\software\metax\Utilities.py:216: FutureWarning: errors='ignore' is deprecated and will raise in a future version. Use to_numeric without passing `errors` and catch exceptions explicitly instead
  data = [pandas.to_numeric(x, errors=to_numeric) for x in data]
E:\workbuddy\_upstream_20261004\MetaXcan-0.8.1\software\metax\Utilities.py:216: FutureWarning: errors='ignore' is deprecated and will raise in a future version. Use to_numeric without passing `errors` and catch exceptions explicitly instead
  data = [pandas.to_numeric(x, errors=to_numeric) for x in data]
E:\workbuddy\_upstream_20261004\MetaXcan-0.8.1\software\metax\Utilities.py:216: FutureWarning: errors='ignore' is deprecated and will raise in a future version. Use to_numeric without passing `errors` and catch exceptions explicitly instead
  data = [pandas.to_numeric(x, errors=to_numeric) for x in data]
E:\workbuddy\_upstream_20261004\MetaXcan-0.8.1\software\metax\Utilities.py:216: FutureWarning: errors='ignore' is deprecated and will raise in a future version. Use to_numeric without passing `errors` and catch exceptions explicitly instead
  data = [pandas.to_numeric(x, errors=to_numeric) for x in data]
E:\workbuddy\_upstream_20261004\MetaXcan-0.8.1\software\metax\Utilities.py:216: FutureWarning: errors='ignore' is deprecated and will raise in a future version. Use to_numeric without passing `errors` and catch exceptions explicitly instead
  data = [pandas.to_numeric(x, errors=to_numeric) for x in data]
INFO - 85 % of model's snps found so far in the gwas study
E:\workbuddy\_upstream_20261004\MetaXcan-0.8.1\software\metax\Utilities.py:216: FutureWarning: errors='ignore' is deprecated and will raise in a future version. Use to_numeric without passing `errors` and catch exceptions explicitly instead
  data = [pandas.to_numeric(x, errors=to_numeric) for x in data]
E:\workbuddy\_upstream_20261004\MetaXcan-0.8.1\software\metax\Utilities.py:216: FutureWarning: errors='ignore' is deprecated and will raise in a future version. Use to_numeric without passing `errors` and catch exceptions explicitly instead
  data = [pandas.to_numeric(x, errors=to_numeric) for x in data]
E:\workbuddy\_upstream_20261004\MetaXcan-0.8.1\software\metax\Utilities.py:216: FutureWarning: errors='ignore' is deprecated and will raise in a future version. Use to_numeric without passing `errors` and catch exceptions explicitly instead
  data = [pandas.to_numeric(x, errors=to_numeric) for x in data]
E:\workbuddy\_upstream_20261004\MetaXcan-0.8.1\software\metax\Utilities.py:216: FutureWarning: errors='ignore' is deprecated and will raise in a future version. Use to_numeric without passing `errors` and catch exceptions explicitly instead
  data = [pandas.to_numeric(x, errors=to_numeric) for x in data]
INFO - 90 % of model's snps used
WARNING - [91mIMPORTANT: The pvalue and zscore are uncalibrated for inflation[0m
INFO - Sucessfully processed metaxcan association in 380.9184206000027 seconds
  [ ok ] S-PrediXcan eQTLGen A x DN
E:\workbuddy\_upstream_20261004\MetaXcan-0.8.1\software\metax\gwas\GWAS.py:102: SyntaxWarning: invalid escape sequence '\s'
  separator = '\s+'
E:\workbuddy\_upstream_20261004\MetaXcan-0.8.1\software\metax\gwas\GWASSpecialHandling.py:41: SyntaxWarning: invalid escape sequence '\s'
  split_r = re.compile(separator) if separator is not None else re.compile("\s")
E:\workbuddy\_upstream_20261004\MetaXcan-0.8.1\software\metax\gwas\GWASSpecialHandling.py:76: SyntaxWarning: invalid escape sequence '\+'
  non_en_number = re.compile("^[-\+]?[0-9]*,{1}[0-9]+([eE]{1}[-\+]?[0-9]+)?$")
E:\workbuddy\_upstream_20261004\MetaXcan-0.8.1\software\metax\MatrixManager.py:31: SyntaxWarning: invalid escape sequence '\s'
  d = pandas.read_table(path, sep="\s+")
WARNING - [91mMissing --gwas_h2 and --gwas_N are required to calibrate the pvalue and zscore.[0m
INFO - Processing GWAS command line parameters
INFO - Building beta for E:/workbuddy/_upstream_20261004/run/eqtlgen/gwas_DPN_aligned.tsv and E:/workbuddy/_upstream_20261004/run/eqtlgen/db_A.db
INFO - Reading input gwas with special handling: E:/workbuddy/_upstream_20261004/run/eqtlgen/gwas_DPN_aligned.tsv
INFO - Processing input gwas
INFO - Calculating zscore from se and beta
INFO - Aligning GWAS to models
INFO - Trimming output
INFO - Successfully parsed input gwas in 0.4937355000001844 seconds
INFO - Started metaxcan process
INFO - Loading model from: E:/workbuddy/_upstream_20261004/run/eqtlgen/db_A.db
INFO - Using streamed covariance from: E:/workbuddy/_upstream_20261004/run/eqtlgen/cov_A.txt.gz
WARNING - [91mThis version is more lenient with input covariances, as many potential errors can't be checked for the whole input covariance in advance. Pay extra care to your covariances![0m
INFO - Processing loaded gwas
INFO - Started metaxcan association
E:\workbuddy\_upstream_20261004\MetaXcan-0.8.1\software\metax\Utilities.py:216: FutureWarning: errors='ignore' is deprecated and will raise in a future version. Use to_numeric without passing `errors` and catch exceptions explicitly instead
  data = [pandas.to_numeric(x, errors=to_numeric) for x in data]
E:\workbuddy\_upstream_20261004\MetaXcan-0.8.1\software\metax\Utilities.py:216: FutureWarning: errors='ignore' is deprecated and will raise in a future version. Use to_numeric without passing `errors` and catch exceptions explicitly instead
  data = [pandas.to_numeric(x, errors=to_numeric) for x in data]
E:\workbuddy\_upstream_20261004\MetaXcan-0.8.1\software\metax\Utilities.py:216: FutureWarning: errors='ignore' is deprecated and will raise in a future version. Use to_numeric without passing `errors` and catch exceptions explicitly instead
  data = [pandas.to_numeric(x, errors=to_numeric) for x in data]
E:\workbuddy\_upstream_20261004\MetaXcan-0.8.1\software\metax\Utilities.py:216: FutureWarning: errors='ignore' is deprecated and will raise in a future version. Use to_numeric without passing `errors` and catch exceptions explicitly instead
  data = [pandas.to_numeric(x, errors=to_numeric) for x in data]
E:\workbuddy\_upstream_20261004\MetaXcan-0.8.1\software\metax\Utilities.py:216: FutureWarning: errors='ignore' is deprecated and will raise in a future version. Use to_numeric without passing `errors` and catch exceptions explicitly instead
  data = [pandas.to_numeric(x, errors=to_numeric) for x in data]
E:\workbuddy\_upstream_20261004\MetaXcan-0.8.1\software\metax\Utilities.py:216: FutureWarning: errors='ignore' is deprecated and will raise in a future version. Use to_numeric without passing `errors` and catch exceptions explicitly instead
  data = [pandas.to_numeric(x, errors=to_numeric) for x in data]
E:\workbuddy\_upstream_20261004\MetaXcan-0.8.1\software\metax\Utilities.py:216: FutureWarning: errors='ignore' is deprecated and will raise in a future version. Use to_numeric without passing `errors` and catch exceptions explicitly instead
  data = [pandas.to_numeric(x, errors=to_numeric) for x in data]
E:\workbuddy\_upstream_20261004\MetaXcan-0.8.1\software\metax\Utilities.py:216: FutureWarning: errors='ignore' is deprecated and will raise in a future version. Use to_numeric without passing `errors` and catch exceptions explicitly instead
  data = [pandas.to_numeric(x, errors=to_numeric) for x in data]
E:\workbuddy\_upstream_20261004\MetaXcan-0.8.1\software\metax\Utilities.py:216: FutureWarning: errors='ignore' is deprecated and will raise in a future version. Use to_numeric without passing `errors` and catch exceptions explicitly instead
  data = [pandas.to_numeric(x, errors=to_numeric) for x in data]
E:\workbuddy\_upstream_20261004\MetaXcan-0.8.1\software\metax\Utilities.py:216: FutureWarning: errors='ignore' is deprecated and will raise in a future version. Use to_numeric without passing `errors` and catch exceptions explicitly instead
  data = [pandas.to_numeric(x, errors=to_numeric) for x in data]
E:\workbuddy\_upstream_20261004\MetaXcan-0.8.1\software\metax\Utilities.py:216: FutureWarning: errors='ignore' is deprecated and will raise in a future version. Use to_numeric without passing `errors` and catch exceptions explicitly instead
  data = [pandas.to_numeric(x, errors=to_numeric) for x in data]
E:\workbuddy\_upstream_20261004\MetaXcan-0.8.1\software\metax\Utilities.py:216: FutureWarning: errors='ignore' is deprecated and will raise in a future version. Use to_numeric without passing `errors` and catch exceptions explicitly instead
  data = [pandas.to_numeric(x, errors=to_numeric) for x in data]
E:\workbuddy\_upstream_20261004\MetaXcan-0.8.1\software\metax\Utilities.py:216: FutureWarning: errors='ignore' is deprecated and will raise in a future version. Use to_numeric without passing `errors` and catch exceptions explicitly instead
  data = [pandas.to_numeric(x, errors=to_numeric) for x in data]
INFO - 10 % of model's snps found so far in the gwas study
E:\workbuddy\_upstream_20261004\MetaXcan-0.8.1\software\metax\Utilities.py:216: FutureWarning: errors='ignore' is deprecated and will raise in a future version. Use to_numeric without passing `errors` and catch exceptions explicitly instead
  data = [pandas.to_numeric(x, errors=to_numeric) for x in data]
E:\workbuddy\_upstream_20261004\MetaXcan-0.8.1\software\metax\Utilities.py:216: FutureWarning: errors='ignore' is deprecated and will raise in a future version. Use to_numeric without passing `errors` and catch exceptions explicitly instead
  data = [pandas.to_numeric(x, errors=to_numeric) for x in data]
E:\workbuddy\_upstream_20261004\MetaXcan-0.8.1\software\metax\Utilities.py:216: FutureWarning: errors='ignore' is deprecated and will raise in a future version. Use to_numeric without passing `errors` and catch exceptions explicitly instead
  data = [pandas.to_numeric(x, errors=to_numeric) for x in data]
E:\workbuddy\_upstream_20261004\MetaXcan-0.8.1\software\metax\Utilities.py:216: FutureWarning: errors='ignore' is deprecated and will raise in a future version. Use to_numeric without passing `errors` and catch exceptions explicitly instead
  data = [pandas.to_numeric(x, errors=to_numeric) for x in data]
E:\workbuddy\_upstream_20261004\MetaXcan-0.8.1\software\metax\Utilities.py:216: FutureWarning: errors='ignore' is deprecated and will raise in a future version. Use to_numeric without passing `errors` and catch exceptions explicitly instead
  data = [pandas.to_numeric(x, errors=to_numeric) for x in data]
E:\workbuddy\_upstream_20261004\MetaXcan-0.8.1\software\metax\Utilities.py:216: FutureWarning: errors='ignore' is deprecated and will raise in a future version. Use to_numeric without passing `errors` and catch exceptions explicitly instead
  data = [pandas.to_numeric(x, errors=to_numeric) for x in data]
E:\workbuddy\_upstream_20261004\MetaXcan-0.8.1\software\metax\Utilities.py:216: FutureWarning: errors='ignore' is deprecated and will raise in a future version. Use to_numeric without passing `errors` and catch exceptions explicitly instead
  data = [pandas.to_numeric(x, errors=to_numeric) for x in data]
E:\workbuddy\_upstream_20261004\MetaXcan-0.8.1\software\metax\Utilities.py:216: FutureWarning: errors='ignore' is deprecated and will raise in a future version. Use to_numeric without passing `errors` and catch exceptions explicitly instead
  data = [pandas.to_numeric(x, errors=to_numeric) for x in data]
E:\workbuddy\_upstream_20261004\MetaXcan-0.8.1\software\metax\Utilities.py:216: FutureWarning: errors='ignore' is deprecated and will raise in a future version. Use to_numeric without passing `errors` and catch exceptions explicitly instead
  data = [pandas.to_numeric(x, errors=to_numeric) for x in data]
E:\workbuddy\_upstream_20261004\MetaXcan-0.8.1\software\metax\Utilities.py:216: FutureWarning: errors='ignore' is deprecated and will raise in a future version. Use to_numeric without passing `errors` and catch exceptions explicitly instead
  data = [pandas.to_numeric(x, errors=to_numeric) for x in data]
E:\workbuddy\_upstream_20261004\MetaXcan-0.8.1\software\metax\Utilities.py:216: FutureWarning: errors='ignore' is deprecated and will raise in a future version. Use to_numeric without passing `errors` and catch exceptions explicitly instead
  data = [pandas.to_numeric(x, errors=to_numeric) for x in data]
E:\workbuddy\_upstream_20261004\MetaXcan-0.8.1\software\metax\Utilities.py:216: FutureWarning: errors='ignore' is deprecated and will raise in a future version. Use to_numeric without passing `errors` and catch exceptions explicitly instead
  data = [pandas.to_numeric(x, errors=to_numeric) for x in data]
E:\workbuddy\_upstream_20261004\MetaXcan-0.8.1\software\metax\Utilities.py:216: FutureWarning: errors='ignore' is deprecated and will raise in a future version. Use to_numeric without passing `errors` and catch exceptions explicitly instead
  data = [pandas.to_numeric(x, errors=to_numeric) for x in data]
INFO - 21 % of model's snps found so far in the gwas study
E:\workbuddy\_upstream_20261004\MetaXcan-0.8.1\software\metax\Utilities.py:216: FutureWarning: errors='ignore' is deprecated and will raise in a future version. Use to_numeric without passing `errors` and catch exceptions explicitly instead
  data = [pandas.to_numeric(x, errors=to_numeric) for x in data]
E:\workbuddy\_upstream_20261004\MetaXcan-0.8.1\software\metax\Utilities.py:216: FutureWarning: errors='ignore' is deprecated and will raise in a future version. Use to_numeric without passing `errors` and catch exceptions explicitly instead
  data = [pandas.to_numeric(x, errors=to_numeric) for x in data]
E:\workbuddy\_upstream_20261004\MetaXcan-0.8.1\software\metax\Utilities.py:216: FutureWarning: errors='ignore' is deprecated and will raise in a future version. Use to_numeric without passing `errors` and catch exceptions explicitly instead
  data = [pandas.to_numeric(x, errors=to_numeric) for x in data]
E:\workbuddy\_upstream_20261004\MetaXcan-0.8.1\software\metax\Utilities.py:216: FutureWarning: errors='ignore' is deprecated and will raise in a future version. Use to_numeric without passing `errors` and catch exceptions explicitly instead
  data = [pandas.to_numeric(x, errors=to_numeric) for x in data]
E:\workbuddy\_upstream_20261004\MetaXcan-0.8.1\software\metax\Utilities.py:216: FutureWarning: errors='ignore' is deprecated and will raise in a future version. Use to_numeric without passing `errors` and catch exceptions explicitly instead
  data = [pandas.to_numeric(x, errors=to_numeric) for x in data]
E:\workbuddy\_upstream_20261004\MetaXcan-0.8.1\software\metax\Utilities.py:216: FutureWarning: errors='ignore' is deprecated and will raise in a future version. Use to_numeric without passing `errors` and catch exceptions explicitly instead
  data = [pandas.to_numeric(x, errors=to_numeric) for x in data]
E:\workbuddy\_upstream_20261004\MetaXcan-0.8.1\software\metax\Utilities.py:216: FutureWarning: errors='ignore' is deprecated and will raise in a future version. Use to_numeric without passing `errors` and catch exceptions explicitly instead
  data = [pandas.to_numeric(x, errors=to_numeric) for x in data]
E:\workbuddy\_upstream_20261004\MetaXcan-0.8.1\software\metax\Utilities.py:216: FutureWarning: errors='ignore' is deprecated and will raise in a future version. Use to_numeric without passing `errors` and catch exceptions explicitly instead
  data = [pandas.to_numeric(x, errors=to_numeric) for x in data]
E:\workbuddy\_upstream_20261004\MetaXcan-0.8.1\software\metax\Utilities.py:216: FutureWarning: errors='ignore' is deprecated and will raise in a future version. Use to_numeric without passing `errors` and catch exceptions explicitly instead
  data = [pandas.to_numeric(x, errors=to_numeric) for x in data]
E:\workbuddy\_upstream_20261004\MetaXcan-0.8.1\software\metax\Utilities.py:216: FutureWarning: errors='ignore' is deprecated and will raise in a future version. Use to_numeric without passing `errors` and catch exceptions explicitly instead
  data = [pandas.to_numeric(x, errors=to_numeric) for x in data]
E:\workbuddy\_upstream_20261004\MetaXcan-0.8.1\software\metax\Utilities.py:216: FutureWarning: errors='ignore' is deprecated and will raise in a future version. Use to_numeric without passing `errors` and catch exceptions explicitly instead
  data = [pandas.to_numeric(x, errors=to_numeric) for x in data]
E:\workbuddy\_upstream_20261004\MetaXcan-0.8.1\software\metax\Utilities.py:216: FutureWarning: errors='ignore' is deprecated and will raise in a future version. Use to_numeric without passing `errors` and catch exceptions explicitly instead
  data = [pandas.to_numeric(x, errors=to_numeric) for x in data]
INFO - 32 % of model's snps found so far in the gwas study
E:\workbuddy\_upstream_20261004\MetaXcan-0.8.1\software\metax\Utilities.py:216: FutureWarning: errors='ignore' is deprecated and will raise in a future version. Use to_numeric without passing `errors` and catch exceptions explicitly instead
  data = [pandas.to_numeric(x, errors=to_numeric) for x in data]
E:\workbuddy\_upstream_20261004\MetaXcan-0.8.1\software\metax\Utilities.py:216: FutureWarning: errors='ignore' is deprecated and will raise in a future version. Use to_numeric without passing `errors` and catch exceptions explicitly instead
  data = [pandas.to_numeric(x, errors=to_numeric) for x in data]
E:\workbuddy\_upstream_20261004\MetaXcan-0.8.1\software\metax\Utilities.py:216: FutureWarning: errors='ignore' is deprecated and will raise in a future version. Use to_numeric without passing `errors` and catch exceptions explicitly instead
  data = [pandas.to_numeric(x, errors=to_numeric) for x in data]
E:\workbuddy\_upstream_20261004\MetaXcan-0.8.1\software\metax\Utilities.py:216: FutureWarning: errors='ignore' is deprecated and will raise in a future version. Use to_numeric without passing `errors` and catch exceptions explicitly instead
  data = [pandas.to_numeric(x, errors=to_numeric) for x in data]
E:\workbuddy\_upstream_20261004\MetaXcan-0.8.1\software\metax\Utilities.py:216: FutureWarning: errors='ignore' is deprecated and will raise in a future version. Use to_numeric without passing `errors` and catch exceptions explicitly instead
  data = [pandas.to_numeric(x, errors=to_numeric) for x in data]
E:\workbuddy\_upstream_20261004\MetaXcan-0.8.1\software\metax\Utilities.py:216: FutureWarning: errors='ignore' is deprecated and will raise in a future version. Use to_numeric without passing `errors` and catch exceptions explicitly instead
  data = [pandas.to_numeric(x, errors=to_numeric) for x in data]
E:\workbuddy\_upstream_20261004\MetaXcan-0.8.1\software\metax\Utilities.py:216: FutureWarning: errors='ignore' is deprecated and will raise in a future version. Use to_numeric without passing `errors` and catch exceptions explicitly instead
  data = [pandas.to_numeric(x, errors=to_numeric) for x in data]
E:\workbuddy\_upstream_20261004\MetaXcan-0.8.1\software\metax\Utilities.py:216: FutureWarning: errors='ignore' is deprecated and will raise in a future version. Use to_numeric without passing `errors` and catch exceptions explicitly instead
  data = [pandas.to_numeric(x, errors=to_numeric) for x in data]
E:\workbuddy\_upstream_20261004\MetaXcan-0.8.1\software\metax\Utilities.py:216: FutureWarning: errors='ignore' is deprecated and will raise in a future version. Use to_numeric without passing `errors` and catch exceptions explicitly instead
  data = [pandas.to_numeric(x, errors=to_numeric) for x in data]
E:\workbuddy\_upstream_20261004\MetaXcan-0.8.1\software\metax\Utilities.py:216: FutureWarning: errors='ignore' is deprecated and will raise in a future version. Use to_numeric without passing `errors` and catch exceptions explicitly instead
  data = [pandas.to_numeric(x, errors=to_numeric) for x in data]
E:\workbuddy\_upstream_20261004\MetaXcan-0.8.1\software\metax\Utilities.py:216: FutureWarning: errors='ignore' is deprecated and will raise in a future version. Use to_numeric without passing `errors` and catch exceptions explicitly instead
  data = [pandas.to_numeric(x, errors=to_numeric) for x in data]
E:\workbuddy\_upstream_20261004\MetaXcan-0.8.1\software\metax\Utilities.py:216: FutureWarning: errors='ignore' is deprecated and will raise in a future version. Use to_numeric without passing `errors` and catch exceptions explicitly instead
  data = [pandas.to_numeric(x, errors=to_numeric) for x in data]
INFO - 43 % of model's snps found so far in the gwas study
E:\workbuddy\_upstream_20261004\MetaXcan-0.8.1\software\metax\Utilities.py:216: FutureWarning: errors='ignore' is deprecated and will raise in a future version. Use to_numeric without passing `errors` and catch exceptions explicitly instead
  data = [pandas.to_numeric(x, errors=to_numeric) for x in data]
E:\workbuddy\_upstream_20261004\MetaXcan-0.8.1\software\metax\Utilities.py:216: FutureWarning: errors='ignore' is deprecated and will raise in a future version. Use to_numeric without passing `errors` and catch exceptions explicitly instead
  data = [pandas.to_numeric(x, errors=to_numeric) for x in data]
E:\workbuddy\_upstream_20261004\MetaXcan-0.8.1\software\metax\Utilities.py:216: FutureWarning: errors='ignore' is deprecated and will raise in a future version. Use to_numeric without passing `errors` and catch exceptions explicitly instead
  data = [pandas.to_numeric(x, errors=to_numeric) for x in data]
E:\workbuddy\_upstream_20261004\MetaXcan-0.8.1\software\metax\Utilities.py:216: FutureWarning: errors='ignore' is deprecated and will raise in a future version. Use to_numeric without passing `errors` and catch exceptions explicitly instead
  data = [pandas.to_numeric(x, errors=to_numeric) for x in data]
E:\workbuddy\_upstream_20261004\MetaXcan-0.8.1\software\metax\Utilities.py:216: FutureWarning: errors='ignore' is deprecated and will raise in a future version. Use to_numeric without passing `errors` and catch exceptions explicitly instead
  data = [pandas.to_numeric(x, errors=to_numeric) for x in data]
E:\workbuddy\_upstream_20261004\MetaXcan-0.8.1\software\metax\Utilities.py:216: FutureWarning: errors='ignore' is deprecated and will raise in a future version. Use to_numeric without passing `errors` and catch exceptions explicitly instead
  data = [pandas.to_numeric(x, errors=to_numeric) for x in data]
E:\workbuddy\_upstream_20261004\MetaXcan-0.8.1\software\metax\Utilities.py:216: FutureWarning: errors='ignore' is deprecated and will raise in a future version. Use to_numeric without passing `errors` and catch exceptions explicitly instead
  data = [pandas.to_numeric(x, errors=to_numeric) for x in data]
INFO - 55 % of model's snps found so far in the gwas study
E:\workbuddy\_upstream_20261004\MetaXcan-0.8.1\software\metax\Utilities.py:216: FutureWarning: errors='ignore' is deprecated and will raise in a future version. Use to_numeric without passing `errors` and catch exceptions explicitly instead
  data = [pandas.to_numeric(x, errors=to_numeric) for x in data]
E:\workbuddy\_upstream_20261004\MetaXcan-0.8.1\software\metax\Utilities.py:216: FutureWarning: errors='ignore' is deprecated and will raise in a future version. Use to_numeric without passing `errors` and catch exceptions explicitly instead
  data = [pandas.to_numeric(x, errors=to_numeric) for x in data]
E:\workbuddy\_upstream_20261004\MetaXcan-0.8.1\software\metax\Utilities.py:216: FutureWarning: errors='ignore' is deprecated and will raise in a future version. Use to_numeric without passing `errors` and catch exceptions explicitly instead
  data = [pandas.to_numeric(x, errors=to_numeric) for x in data]
E:\workbuddy\_upstream_20261004\MetaXcan-0.8.1\software\metax\Utilities.py:216: FutureWarning: errors='ignore' is deprecated and will raise in a future version. Use to_numeric without passing `errors` and catch exceptions explicitly instead
  data = [pandas.to_numeric(x, errors=to_numeric) for x in data]
E:\workbuddy\_upstream_20261004\MetaXcan-0.8.1\software\metax\Utilities.py:216: FutureWarning: errors='ignore' is deprecated and will raise in a future version. Use to_numeric without passing `errors` and catch exceptions explicitly instead
  data = [pandas.to_numeric(x, errors=to_numeric) for x in data]
E:\workbuddy\_upstream_20261004\MetaXcan-0.8.1\software\metax\Utilities.py:216: FutureWarning: errors='ignore' is deprecated and will raise in a future version. Use to_numeric without passing `errors` and catch exceptions explicitly instead
  data = [pandas.to_numeric(x, errors=to_numeric) for x in data]
E:\workbuddy\_upstream_20261004\MetaXcan-0.8.1\software\metax\Utilities.py:216: FutureWarning: errors='ignore' is deprecated and will raise in a future version. Use to_numeric without passing `errors` and catch exceptions explicitly instead
  data = [pandas.to_numeric(x, errors=to_numeric) for x in data]
E:\workbuddy\_upstream_20261004\MetaXcan-0.8.1\software\metax\Utilities.py:216: FutureWarning: errors='ignore' is deprecated and will raise in a future version. Use to_numeric without passing `errors` and catch exceptions explicitly instead
  data = [pandas.to_numeric(x, errors=to_numeric) for x in data]
E:\workbuddy\_upstream_20261004\MetaXcan-0.8.1\software\metax\Utilities.py:216: FutureWarning: errors='ignore' is deprecated and will raise in a future version. Use to_numeric without passing `errors` and catch exceptions explicitly instead
  data = [pandas.to_numeric(x, errors=to_numeric) for x in data]
E:\workbuddy\_upstream_20261004\MetaXcan-0.8.1\software\metax\Utilities.py:216: FutureWarning: errors='ignore' is deprecated and will raise in a future version. Use to_numeric without passing `errors` and catch exceptions explicitly instead
  data = [pandas.to_numeric(x, errors=to_numeric) for x in data]
E:\workbuddy\_upstream_20261004\MetaXcan-0.8.1\software\metax\Utilities.py:216: FutureWarning: errors='ignore' is deprecated and will raise in a future version. Use to_numeric without passing `errors` and catch exceptions explicitly instead
  data = [pandas.to_numeric(x, errors=to_numeric) for x in data]
E:\workbuddy\_upstream_20261004\MetaXcan-0.8.1\software\metax\Utilities.py:216: FutureWarning: errors='ignore' is deprecated and will raise in a future version. Use to_numeric without passing `errors` and catch exceptions explicitly instead
  data = [pandas.to_numeric(x, errors=to_numeric) for x in data]
E:\workbuddy\_upstream_20261004\MetaXcan-0.8.1\software\metax\Utilities.py:216: FutureWarning: errors='ignore' is deprecated and will raise in a future version. Use to_numeric without passing `errors` and catch exceptions explicitly instead
  data = [pandas.to_numeric(x, errors=to_numeric) for x in data]
INFO - 65 % of model's snps found so far in the gwas study
E:\workbuddy\_upstream_20261004\MetaXcan-0.8.1\software\metax\Utilities.py:216: FutureWarning: errors='ignore' is deprecated and will raise in a future version. Use to_numeric without passing `errors` and catch exceptions explicitly instead
  data = [pandas.to_numeric(x, errors=to_numeric) for x in data]
E:\workbuddy\_upstream_20261004\MetaXcan-0.8.1\software\metax\Utilities.py:216: FutureWarning: errors='ignore' is deprecated and will raise in a future version. Use to_numeric without passing `errors` and catch exceptions explicitly instead
  data = [pandas.to_numeric(x, errors=to_numeric) for x in data]
E:\workbuddy\_upstream_20261004\MetaXcan-0.8.1\software\metax\Utilities.py:216: FutureWarning: errors='ignore' is deprecated and will raise in a future version. Use to_numeric without passing `errors` and catch exceptions explicitly instead
  data = [pandas.to_numeric(x, errors=to_numeric) for x in data]
E:\workbuddy\_upstream_20261004\MetaXcan-0.8.1\software\metax\Utilities.py:216: FutureWarning: errors='ignore' is deprecated and will raise in a future version. Use to_numeric without passing `errors` and catch exceptions explicitly instead
  data = [pandas.to_numeric(x, errors=to_numeric) for x in data]
E:\workbuddy\_upstream_20261004\MetaXcan-0.8.1\software\metax\Utilities.py:216: FutureWarning: errors='ignore' is deprecated and will raise in a future version. Use to_numeric without passing `errors` and catch exceptions explicitly instead
  data = [pandas.to_numeric(x, errors=to_numeric) for x in data]
E:\workbuddy\_upstream_20261004\MetaXcan-0.8.1\software\metax\Utilities.py:216: FutureWarning: errors='ignore' is deprecated and will raise in a future version. Use to_numeric without passing `errors` and catch exceptions explicitly instead
  data = [pandas.to_numeric(x, errors=to_numeric) for x in data]
E:\workbuddy\_upstream_20261004\MetaXcan-0.8.1\software\metax\Utilities.py:216: FutureWarning: errors='ignore' is deprecated and will raise in a future version. Use to_numeric without passing `errors` and catch exceptions explicitly instead
  data = [pandas.to_numeric(x, errors=to_numeric) for x in data]
E:\workbuddy\_upstream_20261004\MetaXcan-0.8.1\software\metax\Utilities.py:216: FutureWarning: errors='ignore' is deprecated and will raise in a future version. Use to_numeric without passing `errors` and catch exceptions explicitly instead
  data = [pandas.to_numeric(x, errors=to_numeric) for x in data]
E:\workbuddy\_upstream_20261004\MetaXcan-0.8.1\software\metax\Utilities.py:216: FutureWarning: errors='ignore' is deprecated and will raise in a future version. Use to_numeric without passing `errors` and catch exceptions explicitly instead
  data = [pandas.to_numeric(x, errors=to_numeric) for x in data]
E:\workbuddy\_upstream_20261004\MetaXcan-0.8.1\software\metax\Utilities.py:216: FutureWarning: errors='ignore' is deprecated and will raise in a future version. Use to_numeric without passing `errors` and catch exceptions explicitly instead
  data = [pandas.to_numeric(x, errors=to_numeric) for x in data]
E:\workbuddy\_upstream_20261004\MetaXcan-0.8.1\software\metax\Utilities.py:216: FutureWarning: errors='ignore' is deprecated and will raise in a future version. Use to_numeric without passing `errors` and catch exceptions explicitly instead
  data = [pandas.to_numeric(x, errors=to_numeric) for x in data]
E:\workbuddy\_upstream_20261004\MetaXcan-0.8.1\software\metax\Utilities.py:216: FutureWarning: errors='ignore' is deprecated and will raise in a future version. Use to_numeric without passing `errors` and catch exceptions explicitly instead
  data = [pandas.to_numeric(x, errors=to_numeric) for x in data]
E:\workbuddy\_upstream_20261004\MetaXcan-0.8.1\software\metax\Utilities.py:216: FutureWarning: errors='ignore' is deprecated and will raise in a future version. Use to_numeric without passing `errors` and catch exceptions explicitly instead
  data = [pandas.to_numeric(x, errors=to_numeric) for x in data]
INFO - 75 % of model's snps found so far in the gwas study
E:\workbuddy\_upstream_20261004\MetaXcan-0.8.1\software\metax\Utilities.py:216: FutureWarning: errors='ignore' is deprecated and will raise in a future version. Use to_numeric without passing `errors` and catch exceptions explicitly instead
  data = [pandas.to_numeric(x, errors=to_numeric) for x in data]
E:\workbuddy\_upstream_20261004\MetaXcan-0.8.1\software\metax\Utilities.py:216: FutureWarning: errors='ignore' is deprecated and will raise in a future version. Use to_numeric without passing `errors` and catch exceptions explicitly instead
  data = [pandas.to_numeric(x, errors=to_numeric) for x in data]
E:\workbuddy\_upstream_20261004\MetaXcan-0.8.1\software\metax\Utilities.py:216: FutureWarning: errors='ignore' is deprecated and will raise in a future version. Use to_numeric without passing `errors` and catch exceptions explicitly instead
  data = [pandas.to_numeric(x, errors=to_numeric) for x in data]
E:\workbuddy\_upstream_20261004\MetaXcan-0.8.1\software\metax\Utilities.py:216: FutureWarning: errors='ignore' is deprecated and will raise in a future version. Use to_numeric without passing `errors` and catch exceptions explicitly instead
  data = [pandas.to_numeric(x, errors=to_numeric) for x in data]
E:\workbuddy\_upstream_20261004\MetaXcan-0.8.1\software\metax\Utilities.py:216: FutureWarning: errors='ignore' is deprecated and will raise in a future version. Use to_numeric without passing `errors` and catch exceptions explicitly instead
  data = [pandas.to_numeric(x, errors=to_numeric) for x in data]
E:\workbuddy\_upstream_20261004\MetaXcan-0.8.1\software\metax\Utilities.py:216: FutureWarning: errors='ignore' is deprecated and will raise in a future version. Use to_numeric without passing `errors` and catch exceptions explicitly instead
  data = [pandas.to_numeric(x, errors=to_numeric) for x in data]
E:\workbuddy\_upstream_20261004\MetaXcan-0.8.1\software\metax\Utilities.py:216: FutureWarning: errors='ignore' is deprecated and will raise in a future version. Use to_numeric without passing `errors` and catch exceptions explicitly instead
  data = [pandas.to_numeric(x, errors=to_numeric) for x in data]
INFO - 85 % of model's snps found so far in the gwas study
E:\workbuddy\_upstream_20261004\MetaXcan-0.8.1\software\metax\Utilities.py:216: FutureWarning: errors='ignore' is deprecated and will raise in a future version. Use to_numeric without passing `errors` and catch exceptions explicitly instead
  data = [pandas.to_numeric(x, errors=to_numeric) for x in data]
E:\workbuddy\_upstream_20261004\MetaXcan-0.8.1\software\metax\Utilities.py:216: FutureWarning: errors='ignore' is deprecated and will raise in a future version. Use to_numeric without passing `errors` and catch exceptions explicitly instead
  data = [pandas.to_numeric(x, errors=to_numeric) for x in data]
E:\workbuddy\_upstream_20261004\MetaXcan-0.8.1\software\metax\Utilities.py:216: FutureWarning: errors='ignore' is deprecated and will raise in a future version. Use to_numeric without passing `errors` and catch exceptions explicitly instead
  data = [pandas.to_numeric(x, errors=to_numeric) for x in data]
E:\workbuddy\_upstream_20261004\MetaXcan-0.8.1\software\metax\Utilities.py:216: FutureWarning: errors='ignore' is deprecated and will raise in a future version. Use to_numeric without passing `errors` and catch exceptions explicitly instead
  data = [pandas.to_numeric(x, errors=to_numeric) for x in data]
INFO - 90 % of model's snps used
WARNING - [91mIMPORTANT: The pvalue and zscore are uncalibrated for inflation[0m
INFO - Sucessfully processed metaxcan association in 378.1032668000007 seconds
  [ ok ] S-PrediXcan eQTLGen A x DPN

== 8. Middleware hash check ==
  [   ok    ] eqtlgen/eQTLGen_Whole_Blood.db         eQTLGen weight database
  [   ok    ] eqtlgen/db_A.db                        eQTLGen band A model database
  [   ok    ] eqtlgen/db_B.db                        eQTLGen band B model database
  [   ok    ] eqtlgen/db_C.db                        eQTLGen band C model database
  [   ok    ] cov/cov_Whole_Blood.txt.gz             GTEx Whole_Blood gene covariance
  [   ok    ] cov/cov_Nerve_Tibial.txt.gz            GTEx Nerve_Tibial gene covariance
  [   ok    ] eqtlgen/cov_A.txt.gz                   eQTLGen band A covariance
  [ MISSING ] eqtlgen/cov_B.txt.gz                   eQTLGen band B covariance
  [ MISSING ] eqtlgen/cov_C.txt.gz                   eQTLGen band C covariance
  [   ok    ] gwas/gwas_DR.tsv                       FinnGen DR -> harmonised GWAS
  [   ok    ] gwas/gwas_DN.tsv                       FinnGen DN -> harmonised GWAS
  [   ok    ] gwas/gwas_DPN.tsv                      FinnGen DPN -> harmonised GWAS
  [   ok    ] eqtlgen/gwas_DR_aligned.tsv            allele-aligned GWAS DR
  [   ok    ] eqtlgen/gwas_DN_aligned.tsv            allele-aligned GWAS DN
  [   ok    ] eqtlgen/gwas_DPN_aligned.tsv           allele-aligned GWAS DPN
  [   ok    ] official_Whole_Blood_DR.csv            S-PrediXcan GTEx Whole_Blood x DR
  [   ok    ] official_Whole_Blood_DN.csv            S-PrediXcan GTEx Whole_Blood x DN
  [   ok    ] official_Whole_Blood_DPN.csv           S-PrediXcan GTEx Whole_Blood x DPN
  [   ok    ] official_Nerve_Tibial_DR.csv           S-PrediXcan GTEx Nerve_Tibial x DR
  [   ok    ] official_Nerve_Tibial_DN.csv           S-PrediXcan GTEx Nerve_Tibial x DN
  [   ok    ] official_Nerve_Tibial_DPN.csv          S-PrediXcan GTEx Nerve_Tibial x DPN
  [   ok    ] eqtlgen/official_eq_A_DR.csv           S-PrediXcan eQTLGen band A x DR
  [   ok    ] eqtlgen/official_eq_A_DN.csv           S-PrediXcan eQTLGen band A x DN
  [   ok    ] eqtlgen/official_eq_A_DPN.csv          S-PrediXcan eQTLGen band A x DPN
  [ MISSING ] eqtlgen/official_eq_B_DR.csv           S-PrediXcan eQTLGen band B x DR
  [ MISSING ] eqtlgen/official_eq_B_DN.csv           S-PrediXcan eQTLGen band B x DN
  [ MISSING ] eqtlgen/official_eq_B_DPN.csv          S-PrediXcan eQTLGen band B x DPN
  [ MISSING ] eqtlgen/official_eq_C_DR.csv           S-PrediXcan eQTLGen band C x DR
  [ MISSING ] eqtlgen/official_eq_C_DN.csv           S-PrediXcan eQTLGen band C x DN
  [ MISSING ] eqtlgen/official_eq_C_DPN.csv          S-PrediXcan eQTLGen band C x DPN

identical 22 | differing 0 | missing 8   (of 30)
RESULT: every artefact present matches (8 not produced in this run).
  [ ok ] middleware matches the archived hashes

=====================================================================
 RESULT: upstream chain completed. Outputs in E:/workbuddy/_upstream_20261004/run
=====================================================================
